Time,PT01,PT02,PT03,PT04,PT05,PT06,PT07,PT08,PT09,PT10,PT11,PT12,PT13,TC01,TC02,TC03,TC04,TC05,TC06,TC07,TC08,Spindle Motor,X Motor,Z Motor,Disp. X,Disp. Z
0.684,26.2,26.3,26.5,26.1,26.4,25.9,25.8,26.7,26.1,26.1,25.7,26.2,26.2,24.3,24.8,24.9,23.9,24.2,24.4,25.3,25.1,24.0,24.0,23.0,0.0,0.0
0.852,26.2,26.3,26.5,26.1,26.3,25.9,25.8,26.7,26.1,26.2,25.7,26.2,26.2,24.4,24.9,24.9,24.0,24.3,24.5,25.4,25.2,24.0,24.0,23.0,0.0,0.0
1.02,26.2,26.3,26.5,26.1,26.3,25.9,25.8,26.7,26.1,26.1,25.7,26.2,26.2,24.5,24.8,25.0,24.0,24.3,24.4,25.4,25.2,24.0,24.0,23.0,0.0,0.0858785078327831
1.189,26.2,26.3,26.5,26.1,26.3,25.9,25.8,26.7,26.1,26.2,25.7,26.2,26.2,24.5,25.0,25.0,24.0,24.2,24.4,25.4,25.2,24.0,24.0,23.0,0.0,0.0858785078327831
1.357,26.2,26.3,26.5,26.1,26.3,25.9,25.8,26.7,26.2,26.2,25.7,26.2,26.2,24.3,24.8,25.0,24.0,24.3,24.6,25.4,25.2,24.0,23.0,23.0,-0.3960550220607493,0.1719824185732071
1.525,26.2,26.4,26.5,26.1,26.4,25.9,25.8,26.7,26.2,26.2,25.7,26.2,26.2,24.5,25.0,24.8,24.0,24.2,24.5,25.4,25.2,24.0,24.0,23.0,-0.3960550220607493,0.1719824185732071
1.693,26.2,26.4,26.5,26.1,26.4,26.0,25.8,26.7,26.3,26.2,25.7,26.2,26.2,24.4,25.2,25.1,24.0,24.3,24.6,25.4,25.3,24.0,24.0,23.0,0.0,0.1719824185732071
1.861,26.2,26.4,26.5,26.1,26.4,26.0,25.8,26.8,26.3,26.2,25.7,26.2,26.2,24.6,24.9,24.9,23.9,24.3,24.6,25.4,25.3,24.0,24.0,23.0,0.0,0.0858785078327831
2.029,26.3,26.4,26.5,26.1,26.4,26.0,25.8,26.8,26.4,26.2,25.7,26.2,26.2,24.6,25.1,24.8,24.0,24.3,24.5,25.5,25.3,24.0,24.0,23.0,-0.1982870490527773,-2.063563619970653
2.197,26.3,26.4,26.5,26.1,26.4,26.0,25.8,26.8,26.4,26.2,25.7,26.2,26.2,24.5,24.8,25.1,24.1,24.4,24.7,25.4,25.2,24.0,24.0,23.0,-0.1982870490527773,-2.063563619970653
2.365,26.3,26.4,26.5,26.1,26.4,26.1,25.8,26.8,26.5,26.2,25.7,26.3,26.2,24.7,25.1,25.1,24.1,24.4,24.6,25.6,25.3,24.0,24.0,23.0,-0.1982870490527773,-1.977685112137934
2.533,26.3,26.4,26.5,26.1,26.4,26.1,25.8,26.8,26.6,26.2,25.7,26.2,26.2,24.7,25.2,25.1,24.0,24.5,24.6,25.4,25.4,24.0,24.0,23.0,-0.1982870490527773,-1.891806604305151
2.702,26.2,26.4,26.5,26.1,26.4,26.1,25.8,26.9,26.6,26.2,25.7,26.3,26.2,24.4,25.1,25.1,24.0,24.4,24.6,25.6,25.4,24.0,24.0,23.0,-0.1982870490527773,-1.891806604305151
2.871,26.3,26.4,26.5,26.1,26.5,26.2,25.8,26.9,26.7,26.2,25.7,26.3,26.2,24.6,25.2,25.0,23.9,24.6,24.8,25.6,25.5,25.0,24.0,23.0,-0.1982870490527773,-1.805702693564727
3.039,26.2,26.4,26.5,26.1,26.5,26.2,25.8,26.9,26.7,26.2,25.7,26.3,26.3,24.6,24.9,25.2,24.1,24.5,24.6,25.6,25.6,25.0,24.0,23.0,-0.1982870490527773,-1.805702693564727
3.207,26.2,26.4,26.5,26.1,26.5,26.3,25.8,26.9,26.8,26.2,25.7,26.3,26.2,24.7,25.2,25.3,24.2,24.4,24.7,25.6,25.7,25.0,24.0,23.0,-0.3960550220607493,-4.1273526428490745
3.376,26.2,26.4,26.6,26.1,26.5,26.3,25.8,27.0,26.8,26.2,25.7,26.3,26.3,24.6,25.2,25.2,24.1,24.5,24.6,25.8,25.7,25.0,24.0,23.0,-0.3960550220607493,-4.1273526428490745
3.545,26.3,26.5,26.6,26.1,26.5,26.3,25.8,27.0,26.9,26.2,25.8,26.3,26.3,24.7,25.2,25.2,24.0,24.4,24.6,25.7,25.8,25.0,24.0,24.0,-0.3960550220607493,-4.1273526428490745
3.713,26.3,26.5,26.6,26.1,26.5,26.3,25.8,27.0,26.9,26.2,25.8,26.3,26.3,24.6,25.1,25.2,24.1,24.5,24.7,25.7,25.9,25.0,24.0,24.0,-0.5943420711133791,-4.041248732108587
3.882,26.3,26.5,26.6,26.1,26.6,26.4,25.8,27.0,27.0,26.2,25.7,26.3,26.3,24.6,25.2,25.2,24.1,24.5,24.6,25.8,26.1,25.0,24.0,23.0,-0.5943420711133791,-4.041248732108587
4.05,26.3,26.5,26.6,26.1,26.6,26.4,25.8,27.1,27.0,26.2,25.7,26.3,26.3,24.6,25.1,25.2,24.1,24.6,24.8,25.8,26.1,25.0,24.0,24.0,-0.5943420711133791,-3.955370224275868
4.218,26.3,26.5,26.6,26.1,26.6,26.5,25.8,27.1,27.1,26.2,25.7,26.3,26.3,24.8,25.2,25.2,24.2,24.5,24.7,25.9,26.2,25.0,24.0,24.0,-0.5943420711133791,-3.955370224275868
4.387,26.3,26.5,26.6,26.1,26.6,26.5,25.8,27.1,27.1,26.2,25.8,26.3,26.3,24.5,25.2,25.3,24.2,24.6,24.8,26.0,26.3,25.0,24.0,23.0,-0.5943420711133791,-3.869266313535444
4.556,26.3,26.5,26.6,26.1,26.6,26.5,25.8,27.2,27.2,26.2,25.7,26.3,26.3,24.9,25.2,25.2,24.1,24.6,24.7,26.0,26.4,25.0,24.0,24.0,-0.5943420711133791,-3.869266313535444
4.725,26.3,26.6,26.6,26.1,26.6,26.6,25.8,27.2,27.2,26.2,25.8,26.3,26.3,24.8,25.2,25.3,24.2,24.7,24.7,26.1,26.5,25.0,24.0,24.0,-0.5943420711133791,-3.783387805702661
4.893,26.3,26.6,26.7,26.1,26.6,26.6,25.8,27.2,27.3,26.2,25.7,26.3,26.3,24.9,25.3,25.4,24.3,24.6,24.7,26.2,26.6,25.0,24.0,24.0,-0.5943420711133791,-3.783387805702661
5.061,26.3,26.6,26.7,26.1,26.6,26.6,25.8,27.2,27.3,26.2,25.7,26.3,26.3,24.8,25.1,25.3,24.2,24.6,24.7,26.1,26.7,25.0,24.0,24.0,-0.7921100441214987,-5.933055336413801
5.229,26.3,26.6,26.7,26.1,26.6,26.6,25.8,27.3,27.4,26.2,25.8,26.3,26.3,24.9,25.2,25.3,24.1,24.7,24.8,26.3,26.9,25.0,24.0,24.0,-0.7921100441214987,-5.933055336413801
5.398,26.3,26.6,26.7,26.1,26.6,26.7,25.8,27.3,27.4,26.2,25.8,26.3,26.3,25.0,25.3,25.2,24.1,24.7,24.8,26.3,26.9,25.0,24.0,24.0,-0.7921100441214987,-5.933055336413801
5.566,26.3,26.6,26.7,26.1,26.7,26.7,25.8,27.3,27.5,26.2,25.8,26.3,26.3,24.8,25.2,25.4,24.3,24.7,24.8,26.4,27.1,25.0,24.0,24.0,-0.9903970931741284,-5.846951425673377
5.735,26.3,26.6,26.7,26.1,26.7,26.7,25.9,27.4,27.5,26.2,25.8,26.3,26.3,24.9,25.4,25.3,24.0,24.7,24.7,26.4,27.2,25.0,24.0,24.0,-0.9903970931741284,-5.846951425673377
5.904,26.3,26.6,26.7,26.1,26.7,26.8,25.8,27.4,27.6,26.2,25.8,26.3,26.3,25.0,25.4,25.4,24.2,24.6,24.6,26.5,27.4,25.0,24.0,24.0,-0.9903970931741284,-5.761072917840594
6.072,26.3,26.7,26.8,26.1,26.7,26.8,25.9,27.4,27.6,26.2,25.8,26.3,26.3,24.8,25.3,25.3,24.2,24.8,24.8,26.5,27.5,25.0,24.0,24.0,-0.9903970931741284,-5.761072917840594
6.241,26.3,26.7,26.7,26.1,26.7,26.8,25.9,27.5,27.7,26.2,25.8,26.3,26.3,25.0,25.4,25.5,24.2,24.7,24.9,26.7,27.6,25.0,24.0,24.0,-0.7921100441214987,-5.761072917840594
6.411,26.3,26.7,26.8,26.1,26.7,26.9,25.9,27.5,27.7,26.2,25.8,26.4,26.3,25.0,25.4,25.5,24.3,24.8,24.8,26.7,27.6,26.0,24.0,24.0,-0.7921100441214987,-5.761072917840594
6.579,26.3,26.7,26.8,26.1,26.7,26.9,25.9,27.5,27.8,26.2,25.8,26.4,26.3,25.0,25.4,25.5,24.1,24.8,24.8,26.9,27.9,26.0,24.0,24.0,-0.9903970931741284,-5.761072917840594
6.749,26.3,26.7,26.8,26.1,26.8,26.9,25.9,27.5,27.8,26.3,25.8,26.4,26.3,25.0,25.4,25.5,24.3,24.8,24.8,26.8,27.8,26.0,24.0,24.0,-0.9903970931741284,-6.448777189225718
6.917,26.3,26.8,26.8,26.1,26.7,26.9,25.9,27.6,27.8,26.3,25.8,26.4,26.4,24.9,25.4,25.5,24.2,24.8,24.9,26.9,27.9,26.0,24.0,24.0,-1.188165066182248,-7.910515045644031
7.085,26.3,26.8,26.8,26.1,26.8,27.0,25.9,27.6,27.9,26.3,25.8,26.4,26.4,25.0,25.4,25.6,24.3,24.8,24.7,26.9,27.9,26.0,24.0,24.0,-1.188165066182248,-7.996618956384519
7.255,26.4,26.8,26.9,26.2,26.8,27.0,25.9,27.6,27.9,26.3,25.8,26.4,26.4,25.0,25.5,25.5,24.3,24.8,24.8,26.9,28.1,26.0,24.0,24.0,-1.188165066182248,-7.996618956384519
7.423,26.4,26.8,26.9,26.2,26.8,27.0,25.9,27.7,27.9,26.3,25.8,26.4,26.4,25.1,25.5,25.7,24.3,24.8,24.8,27.0,28.1,26.0,24.0,24.0,-1.386452115234878,-7.910515045644031
7.592,26.4,26.8,26.9,26.2,26.8,27.1,25.9,27.7,28.0,26.3,25.8,26.4,26.4,25.1,25.5,25.7,24.4,24.8,24.8,27.0,28.1,26.0,24.0,24.0,-1.386452115234878,-7.910515045644031
7.761,26.4,26.8,26.9,26.2,26.8,27.1,25.9,27.7,28.0,26.3,25.8,26.4,26.4,25.0,25.5,25.7,24.3,24.8,24.7,27.1,28.1,26.0,24.0,24.0,-1.386452115234878,-7.910515045644031
7.929,26.4,26.9,26.9,26.2,26.9,27.1,25.9,27.8,28.1,26.3,25.8,26.4,26.4,25.0,25.5,25.6,24.2,24.8,24.7,27.0,28.1,26.0,24.0,24.0,-1.386452115234878,-7.910515045644031
8.099,26.4,26.9,26.9,26.2,26.9,27.2,25.9,27.8,28.1,26.3,25.8,26.4,26.4,25.1,25.7,25.6,24.3,24.9,24.8,27.1,28.0,26.0,24.0,24.0,-1.386452115234878,-7.910515045644031
8.267,26.4,26.9,26.9,26.2,26.9,27.2,26.0,27.8,28.1,26.3,25.8,26.4,26.4,25.0,25.5,25.7,24.4,24.9,25.0,27.1,28.0,26.0,24.0,24.0,-1.386452115234878,-7.910515045644031
8.435,26.4,26.9,26.9,26.2,26.9,27.2,25.9,27.8,28.2,26.3,25.8,26.4,26.4,25.0,25.7,25.7,24.5,24.9,24.9,27.0,27.9,26.0,24.0,24.0,-1.386452115234878,-7.824636537811312
8.603,26.4,26.9,27.0,26.2,26.9,27.2,25.9,27.8,28.2,26.3,25.8,26.4,26.4,25.0,25.5,25.7,24.3,24.9,25.0,27.0,27.9,26.0,24.0,24.0,-1.386452115234878,-7.824636537811312
8.772,26.4,26.9,26.9,26.2,26.9,27.3,25.9,27.9,28.3,26.3,25.8,26.4,26.4,25.2,25.6,25.8,24.5,24.9,24.8,27.1,27.9,26.0,24.0,24.0,-1.386452115234878,-7.738532627070888
8.94,26.4,26.9,27.0,26.2,26.9,27.3,25.9,27.9,28.3,26.3,25.8,26.4,26.4,25.0,25.5,25.7,24.3,24.8,24.9,27.1,27.8,26.0,24.0,24.0,-1.584220088242997,-9.888200157782029
9.108,26.4,26.9,27.0,26.2,26.9,27.3,26.0,27.9,28.3,26.3,25.8,26.4,26.4,25.1,25.7,25.8,24.4,24.9,24.9,27.3,27.8,26.0,24.0,24.0,-1.584220088242997,-9.888200157782029
9.277,26.4,26.9,27.0,26.2,26.9,27.3,26.0,27.9,28.4,26.3,25.8,26.4,26.4,25.1,25.5,25.8,24.3,25.0,24.9,27.0,27.7,26.0,24.0,24.0,-1.7825071372956272,-9.974304068522452
9.446,26.4,27.0,27.0,26.2,26.9,27.4,26.0,28.0,28.4,26.3,25.9,26.4,26.4,25.0,25.7,25.7,24.3,25.0,25.0,27.0,27.6,26.0,24.0,24.0,-1.7825071372956272,-9.974304068522452
9.614,26.4,27.0,27.0,26.2,27.0,27.4,26.0,28.0,28.5,26.3,25.9,26.4,26.4,25.2,25.6,25.7,24.3,25.0,25.0,26.9,27.5,26.0,24.0,24.0,-1.7825071372956272,-9.888200157782029
9.784,26.4,27.0,27.0,26.2,27.0,27.4,26.0,28.0,28.5,26.3,25.8,26.4,26.4,25.3,25.7,25.7,24.5,25.0,24.9,27.1,27.5,26.0,24.0,24.0,-1.7825071372956272,-9.888200157782029
9.953,26.4,27.0,27.0,26.2,27.0,27.5,26.0,28.0,28.5,26.3,25.8,26.4,26.4,25.3,25.7,25.6,24.3,24.9,24.9,27.0,27.3,26.0,24.0,24.0,-1.7825071372956272,-9.802321649949246
10.121,26.4,27.0,27.1,26.2,27.0,27.5,26.0,28.1,28.5,26.3,25.8,26.4,26.4,25.3,25.7,25.7,24.3,24.9,24.9,27.1,27.3,26.0,24.0,24.0,-1.7825071372956272,-9.802321649949246
10.289,26.4,27.0,27.0,26.2,27.0,27.5,26.0,28.1,28.6,26.3,25.9,26.4,26.4,25.3,25.7,25.8,24.4,25.0,25.0,27.0,27.2,26.0,24.0,24.0,-1.7825071372956272,-9.802321649949246
10.458,26.4,27.0,27.0,26.2,27.0,27.5,26.0,28.1,28.6,26.3,25.8,26.4,26.4,25.2,25.7,25.8,24.4,25.0,24.9,27.1,27.2,26.0,24.0,24.0,-1.7825071372956272,-9.802321649949246
10.626,26.4,27.1,27.1,26.2,27.0,27.6,26.0,28.1,28.7,26.3,25.8,26.4,26.4,25.2,25.6,25.8,24.5,25.0,24.9,27.0,27.0,26.0,24.0,24.0,-1.7825071372956272,-9.802321649949246
10.794,26.5,27.0,27.1,26.2,27.0,27.6,26.0,28.2,28.7,26.3,25.8,26.4,26.4,25.2,25.7,25.7,24.5,25.0,25.0,27.1,27.0,27.0,24.0,24.0,-1.7825071372956272,-9.71621773920882
10.963,26.5,27.1,27.1,26.2,27.0,27.6,26.0,28.2,28.7,26.3,25.9,26.4,26.4,25.2,25.7,25.8,24.4,25.0,25.1,27.0,27.0,27.0,24.0,24.0,-1.7825071372956272,-9.71621773920882
11.132,26.5,27.1,27.1,26.2,27.1,27.6,26.0,28.2,28.8,26.3,25.8,26.5,26.4,25.2,25.8,25.7,24.3,25.1,25.0,27.0,26.9,27.0,24.0,24.0,-1.7825071372956272,-9.630339231376038
11.3,26.5,27.1,27.1,26.2,27.1,27.6,26.0,28.2,28.8,26.3,25.9,26.4,26.4,25.2,25.7,25.8,24.5,25.0,25.0,27.0,26.7,27.0,24.0,24.0,-1.7825071372956272,-9.630339231376038
11.47,26.5,27.1,27.1,26.2,27.1,27.7,26.0,28.2,28.8,26.4,25.9,26.4,26.4,25.3,25.8,25.7,24.3,25.2,25.1,27.0,26.5,27.0,24.0,24.0,-1.7825071372956272,-9.630339231376038
11.637,26.5,27.1,27.1,26.2,27.1,27.7,26.0,28.3,28.8,26.4,25.9,26.4,26.4,25.2,25.8,25.7,24.5,25.0,25.0,27.0,26.6,27.0,24.0,24.0,-1.7825071372956272,-9.630339231376038
11.807,26.5,27.2,27.1,26.2,27.1,27.7,26.0,28.3,28.9,26.4,25.9,26.5,26.4,25.2,25.8,25.7,24.5,25.1,25.1,26.9,26.5,27.0,24.0,24.0,-1.9802751103037468,-9.630339231376038
11.975,26.5,27.2,27.1,26.2,27.1,27.8,26.0,28.3,28.9,26.4,25.9,26.5,26.4,25.2,25.7,25.7,24.5,25.2,25.1,27.0,26.3,27.0,24.0,24.0,-1.9802751103037468,-9.544235320635616
12.143,26.5,27.2,27.2,26.2,27.1,27.8,26.1,28.3,29.0,26.4,25.9,26.5,26.4,25.3,25.8,25.8,24.4,25.0,24.9,27.0,26.2,27.0,24.0,24.0,-1.9802751103037468,-9.544235320635616
12.312,26.5,27.2,27.2,26.2,27.1,27.8,26.0,28.4,29.0,26.4,25.9,26.5,26.4,25.3,25.8,25.8,24.5,25.1,25.1,27.0,26.1,27.0,24.0,24.0,-1.9802751103037468,-9.544235320635616
12.481,26.5,27.2,27.2,26.2,27.1,27.8,26.0,28.4,29.0,26.4,25.9,26.5,26.4,25.3,25.7,25.7,24.5,25.2,25.0,27.0,26.1,27.0,24.0,24.0,-1.9802751103037468,-9.544235320635616
12.649,26.5,27.2,27.2,26.2,27.1,27.8,26.0,28.4,29.0,26.4,25.9,26.5,26.4,25.2,25.7,25.7,24.6,25.0,25.0,27.0,25.9,27.0,24.0,24.0,-2.1785621593563764,-9.458356812802831
12.818,26.5,27.2,27.2,26.2,27.2,27.8,26.1,28.4,29.0,26.4,25.9,26.4,26.4,25.3,25.6,25.7,24.6,25.2,25.1,27.0,25.9,27.0,24.0,24.0,-2.1785621593563764,-9.458356812802831
12.988,26.5,27.2,27.2,26.2,27.2,27.9,26.1,28.4,29.1,26.4,25.9,26.5,26.4,25.2,25.7,25.7,24.5,25.0,25.0,27.0,25.8,27.0,24.0,24.0,-1.9802751103037468,-11.521920432773548
13.156,26.5,27.2,27.2,26.2,27.2,27.9,26.1,28.5,29.1,26.4,25.9,26.5,26.4,25.3,25.6,25.7,24.4,25.2,25.1,27.0,25.7,27.0,24.0,24.0,-1.9802751103037468,-11.521920432773548
13.324,26.5,27.3,27.2,26.2,27.2,27.9,26.1,28.5,29.1,26.4,25.9,26.5,26.4,25.3,25.7,25.8,24.6,25.2,25.1,27.0,25.7,27.0,24.0,24.0,-2.1785621593563764,-11.521920432773548
13.492,26.5,27.2,27.2,26.2,27.2,27.9,26.1,28.5,29.2,26.4,25.9,26.5,26.4,25.3,25.7,25.8,24.5,25.2,25.1,26.9,25.6,27.0,24.0,24.0,-2.1785621593563764,-11.521920432773548
13.662,26.6,27.3,27.2,26.2,27.2,28.0,26.1,28.5,29.2,26.4,25.9,26.5,26.4,25.3,25.7,25.8,24.5,25.2,25.2,27.0,25.7,27.0,24.0,24.0,-2.1785621593563764,-11.521920432773548
13.83,26.6,27.3,27.2,26.2,27.2,28.0,26.1,28.5,29.2,26.4,25.9,26.5,26.4,25.2,25.6,25.7,24.5,25.2,25.1,26.9,25.5,27.0,24.0,24.0,-2.3763301323643486,-11.608024343513971
13.999,26.6,27.3,27.2,26.3,27.2,28.0,26.1,28.6,29.2,26.4,25.9,26.5,26.4,25.4,25.7,25.8,24.6,25.3,25.2,26.9,25.6,27.0,24.0,24.0,-2.3763301323643486,-11.608024343513971
14.166,26.6,27.3,27.2,26.3,27.2,28.0,26.1,28.6,29.2,26.4,25.9,26.5,26.4,25.3,25.8,25.8,24.5,25.2,25.2,27.0,25.6,27.0,24.0,24.0,-2.1785621593563764,-11.608024343513971
14.335,26.6,27.3,27.3,26.3,27.2,28.0,26.1,28.6,29.3,26.4,25.9,26.5,26.4,25.4,25.7,25.8,24.5,25.2,25.1,26.9,25.5,27.0,25.0,24.0,-2.1785621593563764,-11.608024343513971
14.503,26.6,27.4,27.3,26.3,27.2,28.1,26.1,28.6,29.3,26.4,25.9,26.5,26.4,25.2,25.8,25.8,24.6,25.3,25.2,26.9,25.4,27.0,25.0,24.0,-2.1785621593563764,-11.608024343513971
14.672,26.6,27.3,27.3,26.3,27.2,28.1,26.1,28.7,29.3,26.4,25.9,26.5,26.5,25.3,25.7,25.9,24.6,25.3,25.1,27.0,25.6,27.0,25.0,24.0,-2.1785621593563764,-11.521920432773548
14.84,26.6,27.4,27.3,26.3,27.2,28.1,26.1,28.7,29.3,26.4,25.9,26.5,26.4,25.3,25.6,25.9,24.6,25.2,25.1,26.9,25.4,27.0,25.0,24.0,-2.3763301323643486,-11.43604192494083
15.01,26.6,27.4,27.3,26.3,27.2,28.1,26.1,28.7,29.4,26.4,25.9,26.5,26.5,25.3,25.5,25.9,24.7,25.2,25.0,27.1,25.6,27.0,25.0,24.0,-2.3763301323643486,-11.34993801420034
15.179,26.6,27.4,27.3,26.3,27.3,28.1,26.1,28.7,29.4,26.4,25.9,26.5,26.5,25.3,25.7,25.8,24.6,25.2,25.1,27.0,25.5,28.0,25.0,25.0,-2.3763301323643486,-11.43604192494083
15.347,26.6,27.4,27.3,26.3,27.3,28.1,26.1,28.7,29.4,26.4,25.9,26.5,26.5,25.2,25.8,25.9,24.7,25.2,25.1,27.1,25.6,28.0,25.0,25.0,-2.3763301323643486,-11.43604192494083
15.517,26.6,27.4,27.4,26.3,27.3,28.2,26.1,28.8,29.4,26.4,25.9,26.5,26.4,25.4,25.7,25.9,24.7,25.3,25.2,27.1,25.6,28.0,25.0,25.0,-2.3763301323643486,-11.43604192494083
15.686,26.6,27.5,27.4,26.3,27.3,28.2,26.1,28.8,29.5,26.4,26.0,26.5,26.5,25.3,25.8,25.8,24.6,25.3,25.2,27.1,25.5,28.0,25.0,24.0,-2.1785621593563764,-11.34993801420034
15.854,26.6,27.4,27.4,26.3,27.3,28.2,26.2,28.8,29.5,26.4,26.0,26.5,26.5,25.4,25.7,25.9,24.8,25.3,25.2,27.1,25.7,28.0,25.0,25.0,-2.1785621593563764,-11.34993801420034
16.024,26.6,27.5,27.4,26.3,27.3,28.2,26.2,28.8,29.5,26.4,26.0,26.5,26.5,25.4,25.7,25.9,24.6,25.4,25.2,27.1,25.7,28.0,25.0,25.0,-2.3763301323643486,-11.34993801420034
16.192,26.6,27.5,27.4,26.3,27.3,28.2,26.1,28.8,29.5,26.5,26.0,26.5,26.5,25.4,25.7,25.8,24.6,25.3,25.2,27.1,25.7,28.0,25.0,25.0,-2.3763301323643486,-11.34993801420034
16.361,26.6,27.5,27.4,26.3,27.3,28.3,26.2,28.9,29.5,26.5,26.0,26.6,26.5,25.4,25.8,26.1,24.7,25.3,25.1,27.1,25.8,28.0,25.0,25.0,-2.3763301323643486,-11.34993801420034
16.53,26.6,27.5,27.4,26.3,27.3,28.3,26.2,28.9,29.6,26.4,26.0,26.5,26.5,25.4,25.7,25.8,24.6,25.4,25.2,27.2,25.8,28.0,25.0,25.0,-2.3763301323643486,-11.34993801420034
16.699,26.7,27.5,27.4,26.3,27.3,28.3,26.2,28.9,29.6,26.4,26.0,26.5,26.5,25.4,25.9,25.9,24.6,25.4,25.2,27.1,25.7,28.0,25.0,25.0,-2.3763301323643486,-11.34993801420034
16.867,26.7,27.6,27.5,26.3,27.4,28.3,26.2,28.9,29.6,26.5,26.0,26.5,26.5,25.5,25.8,25.9,24.6,25.4,25.2,27.2,25.9,28.0,25.0,24.0,-2.5746171814171257,-11.26405950636762
17.036,26.7,27.5,27.5,26.3,27.4,28.3,26.2,29.0,29.6,26.5,26.0,26.6,26.5,25.5,25.8,26.0,24.7,25.4,25.2,27.2,25.9,28.0,25.0,25.0,-2.5746171814171257,-11.26405950636762
17.712,26.7,27.6,27.5,26.3,27.4,28.4,26.2,29.0,29.7,26.5,26.0,26.5,26.5,25.5,25.8,25.9,24.6,25.4,25.1,27.4,26.3,28.0,25.0,25.0,-2.5746171814171257,-11.26405950636762
18.386,26.8,27.7,27.6,26.3,27.4,28.4,26.2,29.1,29.8,26.5,26.0,26.6,26.5,25.6,25.8,26.1,24.7,25.4,25.2,27.5,26.7,28.0,25.0,25.0,-2.5746171814171257,-13.327623126338274
19.059,26.8,27.8,27.6,26.3,27.5,28.5,26.3,29.2,29.9,26.5,26.0,26.6,26.6,25.7,26.0,26.1,24.8,25.5,25.3,27.7,27.1,28.0,25.0,25.0,-4.421946978673514,-5.45153891031519
19.734,26.8,27.8,27.7,26.3,27.5,28.6,26.3,29.3,29.9,26.5,26.1,26.6,26.6,25.7,26.0,26.1,24.8,25.6,25.2,27.8,27.6,28.0,25.0,25.0,-2.937544871301224,-6.126999619991677
20.409,26.9,27.9,27.8,26.3,27.5,28.6,26.3,29.4,30.0,26.5,26.1,26.6,26.6,25.7,26.0,26.1,24.7,25.7,25.3,28.0,28.0,29.0,25.0,25.0,-7.8202904404654525,-8.562478417194772
21.083,26.9,28.0,27.8,26.3,27.6,28.7,26.3,29.5,30.0,26.6,26.1,26.7,26.6,25.7,26.0,26.3,24.7,25.7,25.4,28.2,28.3,29.0,25.0,25.0,-8.720873938503086,-7.99013864535287
21.757,26.9,28.1,27.9,26.4,27.6,28.8,26.3,29.6,30.1,26.6,26.1,26.7,26.7,25.8,26.2,26.3,24.8,25.8,25.4,28.3,28.5,29.0,25.0,25.0,-8.565866355149549,-10.238259156390694
22.432,27.0,28.1,27.9,26.4,27.7,28.8,26.3,29.6,30.2,26.6,26.1,26.7,26.7,25.8,26.1,26.3,24.7,25.8,25.4,28.5,28.5,29.0,25.0,25.0,-6.0420819552685465,-8.1262778920869
23.108,27.0,28.2,28.0,26.4,27.7,28.9,26.3,29.7,30.2,26.6,26.1,26.7,26.7,25.9,26.3,26.3,24.8,25.8,25.5,28.4,28.2,29.0,25.0,25.0,-8.008307518624694,-9.752128160888587
23.784,27.0,28.2,28.0,26.4,27.7,28.9,26.4,29.8,30.3,26.6,26.2,26.7,26.7,25.9,26.2,26.4,24.9,26.0,25.5,28.4,27.9,29.0,25.0,25.0,-6.466160997694939,-9.452686992480983
24.459,27.1,28.3,28.1,26.4,27.8,29.0,26.4,29.8,30.3,26.6,26.2,26.8,26.7,26.0,26.3,26.4,24.9,26.1,25.5,28.5,27.6,30.0,25.0,25.0,-4.880260116096988,-9.594925850557178
25.133,27.2,28.3,28.1,26.5,27.8,29.0,26.4,29.9,30.4,26.7,26.2,26.8,26.7,25.9,26.3,26.4,25.0,26.0,25.6,28.5,27.3,30.0,25.0,25.0,-7.845127544623626,-9.884710553613347
25.809,27.2,28.4,28.2,26.5,27.8,29.1,26.5,30.0,30.4,26.7,26.2,26.8,26.8,25.9,26.3,26.4,25.0,26.0,25.5,28.5,26.8,30.0,25.0,25.0,-5.500928438344882,-9.271249604225853
26.483,27.2,28.4,28.2,26.4,27.8,29.1,26.5,30.0,30.5,26.7,26.2,26.8,26.8,25.9,26.3,26.4,24.9,26.0,25.5,28.5,26.4,30.0,25.0,25.0,-4.571603143606676,-9.12533630637604
27.158,27.2,28.5,28.3,26.5,27.9,29.2,26.5,30.1,30.5,26.7,26.2,26.8,26.8,26.0,26.3,26.5,25.0,26.1,25.5,28.5,26.3,30.0,25.0,25.0,-0.2208945544746932,-8.442185461158441
27.834,27.3,28.6,28.3,26.5,27.9,29.2,26.5,30.2,30.6,26.7,26.3,26.9,26.8,26.0,26.3,26.5,25.0,26.1,25.6,28.5,26.1,30.0,25.0,25.0,-5.018078435257042,-9.505094527918754
28.509,27.3,28.6,28.4,26.5,27.9,29.3,26.5,30.2,30.6,26.8,26.3,26.9,26.8,26.0,26.4,26.7,25.1,26.1,25.7,28.7,26.1,30.0,25.0,25.0,-3.791133788014431,-10.023708629731646
29.184,27.4,28.7,28.4,26.5,27.9,29.3,26.6,30.3,30.6,26.8,26.3,26.9,26.8,26.1,26.4,26.7,25.1,26.1,25.6,28.6,26.1,31.0,25.0,25.0,-4.708461038567805,-9.06200414449977
29.86,27.4,28.7,28.5,26.5,28.0,29.3,26.6,30.3,30.7,26.8,26.3,26.9,26.9,26.1,26.4,26.6,25.0,26.4,25.8,28.7,26.2,31.0,25.0,25.0,-6.7134986960818495,-11.787921690384914
30.534,27.5,28.8,28.5,26.5,28.0,29.4,26.6,30.4,30.7,26.8,26.3,26.9,26.9,26.1,26.4,26.5,25.0,26.4,25.8,28.7,26.3,31.0,25.0,25.0,-11.310165086687313,-12.536790014669759
31.209,27.5,28.8,28.6,26.6,28.0,29.4,26.6,30.5,30.7,26.9,26.3,26.9,26.9,26.1,26.4,26.8,25.1,26.3,25.7,28.9,26.5,31.0,25.0,26.0,-3.8715431878093973,-10.352694734938666
31.883,27.5,28.9,28.7,26.6,28.1,29.5,26.6,30.5,30.8,26.9,26.3,27.0,26.9,26.1,26.4,26.7,25.1,26.4,25.8,28.9,26.8,31.0,25.0,26.0,-6.408391218536359,-12.054039364040822
32.56,27.6,29.0,28.7,26.6,28.1,29.5,26.6,30.6,30.8,26.9,26.4,27.0,26.9,26.1,26.5,26.7,25.1,26.5,25.8,29.0,27.1,31.0,25.0,26.0,-8.867683389579852,-13.487962092214657
33.237,27.6,29.0,28.8,26.6,28.1,29.5,26.7,30.6,30.9,26.9,26.4,27.0,27.0,26.2,26.4,26.8,25.2,26.5,25.9,29.1,27.6,31.0,26.0,26.0,-10.248432775368553,-11.964889267733396
33.911,27.7,29.1,28.8,26.6,28.2,29.6,26.7,30.7,30.9,26.9,26.4,27.1,27.0,26.3,26.4,26.9,25.2,26.5,25.9,29.2,28.1,32.0,26.0,26.0,-12.567419250716146,-11.171363089216587
34.585,27.7,29.2,28.9,26.6,28.2,29.6,26.7,30.8,30.9,26.9,26.4,27.1,27.0,26.3,26.6,26.7,25.1,26.6,25.9,29.3,28.4,32.0,26.0,26.0,-14.461481353992934,-13.936705853590407
35.258,27.8,29.2,29.0,26.6,28.2,29.6,26.7,30.9,31.0,27.0,26.4,27.1,27.1,26.4,26.6,26.7,25.1,26.7,25.9,29.3,28.5,32.0,26.0,26.0,-14.660649779794632,-14.762117492982862
35.933,27.8,29.3,29.0,26.6,28.3,29.7,26.7,30.9,31.0,27.0,26.5,27.2,27.1,26.3,26.8,26.8,25.1,26.6,25.9,29.6,28.7,32.0,26.0,26.0,-13.141908552342354,-14.32549929683577
36.608,27.8,29.3,29.1,26.7,28.3,29.7,26.8,30.9,31.0,27.0,26.5,27.2,27.1,26.4,26.7,26.9,25.3,26.7,25.9,29.6,28.5,32.0,26.0,26.0,-9.164673223793717,-12.968481994543616
37.281,27.9,29.4,29.2,26.7,28.3,29.7,26.8,31.0,31.1,27.1,26.5,27.2,27.1,26.4,26.8,27.0,25.2,26.7,26.0,29.7,28.2,32.0,26.0,26.0,-9.045663204712806,-14.144474721917145
37.957,27.9,29.4,29.2,26.7,28.4,29.8,26.8,31.0,31.1,27.1,26.5,27.2,27.2,26.5,26.9,27.0,25.3,26.7,26.0,29.7,27.9,32.0,26.0,26.0,-6.975384856018497,-12.800309241083417
38.631,28.0,29.5,29.3,26.7,28.4,29.8,26.8,31.1,31.1,27.1,26.5,27.2,27.2,26.5,26.9,27.0,25.3,26.8,26.0,29.7,27.6,33.0,26.0,26.0,-8.475374767344412,-14.316396628222043
39.306,28.0,29.6,29.3,26.8,28.4,29.8,26.9,31.1,31.2,27.1,26.6,27.2,27.2,26.4,26.8,27.1,25.3,26.7,26.0,29.8,27.4,33.0,26.0,26.0,-7.129350404128168,-13.03136499993254
39.98,28.1,29.6,29.4,26.7,28.4,29.9,26.9,31.2,31.2,27.1,26.6,27.3,27.2,26.4,26.8,27.1,25.3,26.9,26.0,29.7,27.1,33.0,26.0,26.0,-8.05634227864173,-14.83728586609064
40.655,28.1,29.6,29.4,26.8,28.4,29.9,26.9,31.2,31.2,27.2,26.6,27.3,27.2,26.5,26.9,27.2,25.3,26.9,26.1,29.8,26.9,33.0,26.0,26.0,-6.49068956022148,-14.592245100261648
41.331,28.2,29.7,29.5,26.8,28.5,29.9,26.9,31.3,31.2,27.2,26.6,27.3,27.2,26.5,26.8,27.3,25.3,27.0,26.2,29.8,26.7,33.0,26.0,26.0,-5.895955249683809,-14.347676660296369
42.006,28.2,29.8,29.6,26.8,28.5,30.0,26.9,31.3,31.3,27.2,26.6,27.3,27.2,26.5,26.9,27.3,25.4,27.1,26.2,30.0,26.5,33.0,26.0,26.0,-4.600296317558691,-15.874277841164233
42.681,28.2,29.8,29.6,26.8,28.5,30.0,26.9,31.4,31.3,27.2,26.7,27.4,27.3,26.5,26.8,27.3,25.4,27.0,26.1,29.8,26.4,33.0,26.0,26.0,-5.4012434489760786,-15.046586282193774
43.355,28.3,29.9,29.6,26.8,28.5,30.0,26.9,31.4,31.3,27.2,26.7,27.4,27.3,26.5,26.8,27.3,25.4,27.0,26.1,29.9,26.5,34.0,26.0,26.0,-8.820845338730528,-15.722214026755575
44.03,28.3,29.9,29.7,26.8,28.6,30.0,27.0,31.5,31.4,27.2,26.7,27.4,27.3,26.6,26.9,27.3,25.4,27.0,26.3,29.9,26.7,34.0,26.0,26.0,-9.879896255413339,-15.162426668479355
44.705,28.4,30.0,29.8,26.9,28.6,30.1,27.0,31.6,31.4,27.3,26.7,27.4,27.4,26.6,27.0,27.3,25.4,27.1,26.3,30.0,26.9,34.0,26.0,27.0,-10.855729576797305,-17.01211244982898
45.382,28.4,30.0,29.8,26.9,28.6,30.1,27.0,31.6,31.4,27.3,26.7,27.5,27.4,26.6,26.9,27.3,25.4,27.1,26.3,30.1,27.1,34.0,26.0,27.0,-12.231735773677979,-16.69559990482515
46.056,28.5,30.1,29.9,26.9,28.7,30.1,27.0,31.6,31.4,27.3,26.7,27.5,27.4,26.7,27.0,27.4,25.4,27.2,26.3,30.2,27.4,34.0,26.0,27.0,-8.211937119339915,-16.386779560168073
46.731,28.5,30.1,29.9,26.9,28.7,30.1,27.1,31.7,31.5,27.3,26.7,27.5,27.4,26.8,27.0,27.3,25.5,27.2,26.3,30.1,27.6,34.0,26.0,27.0,-10.438520289453702,-15.675933977588198
47.406,28.6,30.2,30.0,26.9,28.7,30.2,27.1,31.7,31.5,27.4,26.7,27.5,27.5,26.7,27.1,27.4,25.4,27.2,26.3,30.3,28.1,34.0,26.0,27.0,-11.566061922288462,-17.69104338562772
48.081,28.6,30.3,30.0,26.9,28.7,30.2,27.1,31.8,31.5,27.4,26.8,27.6,27.5,26.9,27.1,27.5,25.4,27.4,26.4,30.4,28.5,34.0,26.0,27.0,-14.685984535000124,-18.833333142227637
48.758,28.6,30.3,30.1,26.9,28.8,30.2,27.1,31.8,31.5,27.4,26.8,27.6,27.5,26.7,27.1,27.4,25.6,27.4,26.5,30.5,28.8,34.0,26.0,27.0,-17.36924168231619,-19.813077429380503
49.434,28.7,30.4,30.2,27.0,28.8,30.3,27.1,31.9,31.6,27.4,26.8,27.6,27.5,26.9,27.1,27.4,25.5,27.5,26.5,30.7,28.9,34.0,27.0,27.0,-15.153437350656933,-18.864728313709158
50.108,28.8,30.4,30.2,27.0,28.8,30.3,27.2,31.9,31.6,27.5,26.8,27.7,27.5,27.0,27.2,27.4,25.6,27.4,26.5,30.6,28.7,34.0,27.0,27.0,-15.494259276778429,-17.306720362237364
50.783,28.8,30.5,30.3,27.0,28.9,30.3,27.2,32.0,31.6,27.5,26.9,27.7,27.6,26.9,27.2,27.5,25.5,27.4,26.4,30.6,28.5,34.0,27.0,27.0,-10.161739889909043,-16.787801578749203
51.459,28.8,30.5,30.3,27.0,28.9,30.3,27.2,32.0,31.6,27.5,26.9,27.7,27.6,26.9,27.2,27.6,25.6,27.5,26.5,30.7,28.2,34.0,27.0,27.0,-10.514976390651555,-17.26407758881352
52.133,28.9,30.6,30.4,27.0,28.9,30.4,27.2,32.0,31.6,27.5,26.9,27.7,27.6,26.8,27.2,27.6,25.6,27.4,26.4,30.7,28.1,35.0,27.0,27.0,-11.015396146244246,-17.851462073486253
52.808,28.9,30.6,30.5,27.1,29.0,30.4,27.2,32.1,31.7,27.5,26.9,27.8,27.7,26.9,27.2,27.6,25.6,27.5,26.4,30.8,27.8,35.0,27.0,27.0,-6.330261904655494,-17.093630296237258
53.483,29.0,30.7,30.5,27.1,29.0,30.4,27.2,32.1,31.7,27.6,26.9,27.8,27.7,27.0,27.2,27.8,25.7,27.6,26.6,30.8,27.4,35.0,27.0,27.0,-9.015011996198297,-17.82644152770593
54.157,29.0,30.7,30.6,27.1,29.0,30.4,27.3,32.2,31.7,27.6,26.9,27.8,27.7,27.0,27.4,27.9,25.8,27.7,26.6,30.8,27.3,35.0,27.0,27.0,-5.701090110569407,-18.525452915947838
54.832,29.1,30.8,30.6,27.1,29.0,30.5,27.3,32.2,31.8,27.6,26.9,27.8,27.7,26.9,27.3,27.8,25.7,27.6,26.6,30.9,27.1,35.0,27.0,27.0,-8.927650946519815,-18.53956719589884
55.509,29.1,30.8,30.7,27.2,29.0,30.5,27.3,32.3,31.8,27.6,27.0,27.8,27.8,27.0,27.3,27.9,25.8,27.7,26.6,30.8,26.8,35.0,27.0,27.0,-6.155262657961117,-18.8863931278566
56.183,29.1,30.8,30.7,27.1,29.0,30.5,27.3,32.3,31.8,27.6,27.0,27.8,27.8,27.0,27.4,27.9,25.7,27.8,26.8,30.8,26.7,35.0,27.0,27.0,-10.725976463952808,-21.02914820132112
56.857,29.2,30.9,30.8,27.2,29.1,30.5,27.3,32.3,31.8,27.7,27.0,27.9,27.8,26.9,27.2,28.0,25.7,27.8,26.7,30.7,26.7,35.0,27.0,28.0,-5.606981466713211,-19.55302826270775
57.532,29.2,30.9,30.8,27.2,29.1,30.6,27.3,32.4,31.9,27.7,27.0,27.9,27.8,27.1,27.4,28.0,25.7,27.8,26.7,30.9,26.8,35.0,27.0,27.0,-4.8741145887047885,-19.385986351546727
58.207,29.3,31.0,30.9,27.2,29.1,30.6,27.4,32.4,31.9,27.7,27.0,27.9,27.8,27.0,27.4,28.0,25.8,27.8,26.6,30.9,27.0,35.0,27.0,28.0,-3.6117782163292205,-19.146282554358663
58.883,29.3,31.0,30.9,27.2,29.2,30.6,27.4,32.4,31.9,27.7,27.0,27.9,27.9,27.1,27.4,28.0,25.8,27.7,26.6,30.8,27.2,35.0,27.0,27.0,-3.0336176994387216,-17.60529150167372
59.556,29.3,31.1,31.0,27.2,29.2,30.6,27.4,32.5,31.9,27.8,27.1,28.0,27.9,27.0,27.3,27.9,25.7,27.9,26.7,31.0,27.4,35.0,27.0,28.0,-7.739916280953587,-20.203231283464902
60.232,29.4,31.1,31.0,27.2,29.2,30.6,27.4,32.5,31.9,27.8,27.1,28.0,27.9,27.1,27.4,27.9,25.8,27.9,26.8,31.1,27.8,35.0,27.0,28.0,-11.449609329157521,-20.526768659930582
60.907,29.5,31.2,31.1,27.3,29.2,30.7,27.4,32.6,31.9,27.8,27.1,28.1,28.0,27.2,27.5,27.8,25.7,28.0,26.9,31.1,28.1,35.0,27.0,28.0,-16.577905016078464,-23.37016937125322
61.581,29.5,31.2,31.1,27.3,29.3,30.7,27.5,32.6,32.0,27.8,27.1,28.1,28.0,27.0,27.4,27.9,25.8,27.9,26.8,31.2,28.6,35.0,27.0,28.0,-13.155991511108041,-21.023887713306976
62.255,29.5,31.3,31.2,27.3,29.3,30.7,27.5,32.7,32.0,27.8,27.2,28.1,28.0,27.2,27.5,28.0,25.9,28.0,26.9,31.3,28.9,35.0,27.0,28.0,-14.38693709893753,-21.918686182608553
62.929,29.6,31.3,31.2,27.3,29.3,30.7,27.5,32.7,32.0,27.9,27.2,28.1,28.0,27.3,27.6,27.9,25.9,28.1,26.9,31.3,28.9,35.0,27.0,28.0,-15.062625614443881,-22.491032938718575
63.603,29.6,31.4,31.3,27.3,29.3,30.7,27.5,32.7,32.0,27.9,27.2,28.1,28.1,27.3,27.5,28.0,25.8,28.0,26.9,31.4,28.8,35.0,27.0,28.0,-14.1459447081738,-21.98178488171304
64.277,29.7,31.4,31.3,27.4,29.4,30.8,27.5,32.8,32.1,27.9,27.2,28.2,28.1,27.4,27.7,28.1,25.9,28.1,27.0,31.4,28.7,36.0,27.0,28.0,-14.406421521227383,-22.711097262229245
64.952,29.7,31.5,31.4,27.4,29.4,30.8,27.5,32.9,32.1,27.9,27.2,28.2,28.1,27.2,27.5,28.1,25.8,28.1,26.9,31.5,28.6,36.0,28.0,28.0,-12.450606721017994,-22.028768203156194
65.628,29.7,31.5,31.5,27.4,29.5,30.8,27.5,32.9,32.1,28.0,27.2,28.2,28.1,27.4,27.6,28.2,25.9,28.2,27.0,31.4,28.1,36.0,28.0,28.0,-7.415805375889612,-21.006682527296512
66.302,29.8,31.6,31.5,27.4,29.5,30.8,27.6,32.9,32.1,28.0,27.2,28.2,28.2,27.4,27.7,28.1,25.9,28.2,27.0,31.5,27.9,36.0,28.0,28.0,-9.818150352725386,-21.095561892417777
66.979,29.8,31.6,31.6,27.4,29.5,30.9,27.6,32.9,32.1,28.0,27.2,28.3,28.2,27.3,27.7,28.1,25.9,28.3,27.0,31.4,27.6,36.0,28.0,28.0,-9.094501681912899,-23.012467984410087
67.653,29.9,31.6,31.6,27.4,29.5,30.9,27.6,33.0,32.2,28.0,27.3,28.3,28.2,27.4,27.7,28.1,25.9,28.2,27.1,31.5,27.5,36.0,28.0,28.0,-12.222867828937943,-21.923550074114885
68.328,30.0,31.7,31.7,27.5,29.5,30.9,27.7,33.0,32.2,28.0,27.3,28.3,28.3,27.3,27.6,28.3,25.8,28.2,27.0,31.4,27.1,36.0,28.0,28.0,-6.4220020619507885,-21.288411522642633
69.001,30.0,31.7,31.7,27.5,29.6,30.9,27.7,33.0,32.2,28.0,27.3,28.3,28.3,27.3,27.6,28.2,25.9,28.4,27.1,31.4,26.9,36.0,28.0,28.0,-7.181895062875974,-21.86697980358781
69.676,30.0,31.8,31.7,27.5,29.6,30.9,27.7,33.1,32.2,28.1,27.3,28.4,28.3,27.4,27.7,28.4,26.1,28.3,27.1,31.4,26.9,36.0,28.0,28.0,-7.234177832077236,-21.2021702767359
70.349,30.0,31.8,31.8,27.5,29.6,31.0,27.7,33.1,32.2,28.1,27.4,28.4,28.3,27.4,27.6,28.4,25.9,28.4,27.2,31.6,27.0,36.0,28.0,28.0,-8.190211376400562,-22.024019034118638
71.024,30.1,31.8,31.8,27.5,29.6,31.0,27.7,33.1,32.2,28.1,27.4,28.4,28.3,27.2,27.6,28.5,26.1,28.3,27.2,31.5,26.9,36.0,28.0,28.0,-9.691198660622405,-22.40326163162684
71.697,30.1,31.9,31.9,27.5,29.6,31.0,27.7,33.2,32.3,28.2,27.4,28.4,28.3,27.4,27.6,28.4,26.0,28.3,27.1,31.5,27.1,36.0,28.0,28.0,-7.608392872785071,-21.946396925374977
72.372,30.2,31.9,31.9,27.5,29.7,31.0,27.8,33.2,32.3,28.2,27.4,28.4,28.4,27.4,27.6,28.4,26.1,28.4,27.1,31.5,27.3,36.0,28.0,28.0,-7.31741723221273,-20.861147359089234
73.047,30.2,32.0,32.0,27.6,29.7,31.0,27.8,33.2,32.3,28.2,27.4,28.5,28.4,27.5,27.7,28.3,25.9,28.3,27.1,31.6,27.6,36.0,28.0,28.0,-6.761843853597075,-21.27694048801976
73.723,30.3,32.0,32.0,27.6,29.7,31.0,27.8,33.3,32.3,28.2,27.4,28.5,28.4,27.4,27.7,28.4,26.1,28.4,27.1,31.6,27.9,36.0,28.0,28.0,-8.874830632637789,-22.453288276724173
74.398,30.3,32.1,32.1,27.6,29.8,31.0,27.8,33.3,32.3,28.2,27.4,28.5,28.4,27.5,27.8,28.5,26.1,28.5,27.1,31.6,28.2,36.0,28.0,28.0,-4.415971965998946,-22.49556952728475
75.072,30.4,32.1,32.1,27.6,29.8,31.1,27.8,33.4,32.4,28.2,27.4,28.5,28.4,27.5,27.7,28.4,26.1,28.5,27.1,31.7,28.5,36.0,28.0,28.0,-8.541019304104555,-22.450874571236078
75.747,30.4,32.2,32.2,27.6,29.8,31.1,27.8,33.4,32.4,28.3,27.5,28.6,28.5,27.6,27.9,28.5,26.1,28.6,27.3,31.8,29.0,36.0,28.0,29.0,-13.042510975739422,-25.43111320717901
76.421,30.5,32.2,32.2,27.6,29.8,31.1,27.9,33.5,32.4,28.3,27.5,28.6,28.5,27.6,27.9,28.4,26.1,28.5,27.2,31.8,29.0,36.0,28.0,29.0,-13.127804868481839,-23.436849600345987
77.095,30.5,32.2,32.3,27.6,29.9,31.1,27.8,33.5,32.4,28.3,27.5,28.6,28.5,27.7,28.0,28.4,26.0,28.6,27.3,31.9,29.2,36.0,28.0,29.0,-10.826848640388981,-24.262641462863172
77.771,30.5,32.3,32.3,27.7,29.9,31.2,27.9,33.5,32.5,28.4,27.5,28.7,28.5,27.6,28.0,28.4,26.1,28.6,27.2,31.9,29.0,36.0,28.0,29.0,-9.180031394527376,-24.341784106040166
78.445,30.6,32.3,32.4,27.7,29.9,31.2,27.9,33.5,32.5,28.4,27.6,28.7,28.6,27.7,28.1,28.4,26.1,28.7,27.4,32.0,28.8,36.0,28.0,29.0,-12.692558175060924,-25.970518509516452
79.121,30.6,32.3,32.4,27.7,30.0,31.2,27.9,33.6,32.5,28.4,27.6,28.7,28.6,27.6,28.0,28.6,26.1,28.7,27.5,32.1,28.5,37.0,28.0,29.0,-12.486469968071567,-24.94169376032412
79.797,30.6,32.4,32.5,27.7,30.0,31.2,27.9,33.6,32.5,28.4,27.6,28.7,28.6,27.7,28.0,28.7,26.1,28.8,27.4,32.1,28.4,37.0,28.0,29.0,-7.170941130254036,-24.926384514844557
80.472,30.7,32.4,32.5,27.8,30.0,31.2,27.9,33.6,32.5,28.4,27.6,28.7,28.6,27.6,28.0,28.7,26.2,28.7,27.4,32.2,28.1,37.0,28.0,29.0,-6.951274367027281,-24.24196406815745
81.149,30.7,32.5,32.6,27.8,30.0,31.2,28.0,33.6,32.6,28.4,27.6,28.8,28.7,27.7,28.1,28.7,26.1,28.7,27.4,32.2,27.8,37.0,28.0,29.0,-5.217955685340247,-24.50355688195399
81.823,30.7,32.5,32.6,27.8,30.0,31.3,28.0,33.7,32.6,28.4,27.6,28.8,28.7,27.7,28.0,28.8,26.3,28.7,27.5,32.2,27.6,37.0,28.0,29.0,-8.69284925448773,-24.257405357211532
82.498,30.8,32.5,32.6,27.8,30.1,31.3,28.0,33.7,32.6,28.5,27.7,28.8,28.7,27.7,28.0,28.9,26.3,28.7,27.4,32.1,27.4,37.0,29.0,29.0,-2.2309612544879034,-21.160908428679136
83.173,30.8,32.5,32.7,27.8,30.1,31.3,28.0,33.7,32.6,28.5,27.7,28.8,28.7,27.7,28.0,28.8,26.3,28.8,27.5,32.1,27.3,37.0,28.0,29.0,-4.6913801019938965,-23.757229906842284
83.848,30.9,32.6,32.7,27.8,30.1,31.3,28.1,33.8,32.6,28.5,27.7,28.8,28.7,27.7,28.0,28.8,26.2,28.9,27.5,32.2,27.1,37.0,29.0,29.0,-4.533888697232388,-22.592116081435407
84.522,30.9,32.6,32.8,27.8,30.1,31.3,28.1,33.8,32.7,28.5,27.7,28.9,28.8,27.7,28.0,28.9,26.2,28.8,27.5,32.2,27.0,37.0,28.0,29.0,-3.7348021842628008,-23.628368201313258
85.196,30.9,32.7,32.8,27.9,30.1,31.3,28.1,33.8,32.7,28.6,27.7,28.9,28.8,27.7,28.1,28.8,26.2,28.8,27.6,32.1,27.1,37.0,29.0,29.0,-6.9532118811169354,-24.681052161996078
85.872,31.0,32.7,32.9,27.9,30.2,31.4,28.1,33.8,32.7,28.6,27.8,28.9,28.8,27.7,28.1,28.8,26.2,28.9,27.4,32.3,27.5,37.0,29.0,29.0,0.06644864735839384,-23.09914863031775
86.55,31.0,32.8,32.9,27.9,30.2,31.4,28.1,33.9,32.7,28.6,27.8,28.9,28.8,27.8,28.1,28.7,26.3,28.9,27.6,32.2,27.6,37.0,29.0,29.0,-8.606314906249864,-24.501560515812614
87.225,31.1,32.8,32.9,27.9,30.2,31.4,28.1,33.9,32.7,28.6,27.8,29.0,28.9,27.8,28.0,28.8,26.3,28.9,27.6,32.1,27.9,37.0,29.0,29.0,-11.044317732763044,-24.7879255623139
87.901,31.1,32.8,33.0,27.9,30.2,31.4,28.1,33.9,32.8,28.7,27.8,29.0,28.9,27.8,28.2,28.7,26.3,28.9,27.5,32.2,28.2,37.0,29.0,29.0,-7.835262805915207,-25.8561117351366
88.575,31.2,32.9,33.0,28.0,30.3,31.5,28.2,34.0,32.8,28.7,27.8,29.0,28.9,27.9,28.1,28.8,26.3,29.0,27.5,32.2,28.5,37.0,29.0,29.0,-6.303909586959666,-23.88269813916186
89.251,31.2,32.9,33.1,28.0,30.3,31.5,28.2,34.0,32.8,28.7,27.8,29.0,28.9,27.8,28.2,28.8,26.3,29.1,27.7,32.4,28.8,37.0,29.0,29.0,-10.17157062308408,-26.818714553867075
89.925,31.2,32.9,33.1,28.0,30.3,31.5,28.2,34.1,32.8,28.7,27.8,29.0,28.9,28.0,28.4,28.7,26.3,29.1,27.7,32.4,29.1,37.0,29.0,29.0,-11.195935465662206,-26.86239193730909
90.6,31.3,33.0,33.2,28.0,30.4,31.5,28.2,34.1,32.8,28.7,27.8,29.1,29.0,28.0,28.3,28.8,26.3,28.9,27.6,32.4,29.2,37.0,29.0,29.0,-8.132461468801342,-24.319217841375696
91.275,31.3,33.0,33.2,28.0,30.4,31.6,28.2,34.1,32.8,28.8,27.9,29.1,29.0,28.0,28.4,28.8,26.3,29.1,27.7,32.4,29.2,37.0,29.0,29.0,-10.3794239858474,-26.74251895533191
91.95,31.4,33.1,33.3,28.1,30.4,31.6,28.3,34.1,32.9,28.8,27.9,29.1,29.0,28.0,28.3,29.0,26.3,29.1,27.7,32.5,29.0,37.0,29.0,29.0,-6.027620600436631,-25.550092958317506
92.623,31.4,33.1,33.3,28.1,30.5,31.6,28.3,34.2,32.9,28.8,27.9,29.2,29.0,28.2,28.4,29.0,26.4,29.1,27.7,32.5,28.7,37.0,29.0,29.0,-3.1298353151683926,-23.291103137378613
93.297,31.4,33.2,33.4,28.1,30.5,31.6,28.3,34.2,32.9,28.8,27.9,29.2,29.0,28.0,28.4,28.9,26.3,29.2,27.8,32.5,28.6,37.0,29.0,29.0,-6.44336697461798,-26.70965242312826
93.973,31.5,33.2,33.4,28.1,30.5,31.6,28.3,34.2,32.9,28.8,27.9,29.2,29.1,28.0,28.3,28.9,26.4,29.2,27.7,32.5,28.4,37.0,29.0,29.0,-5.92554397167542,-25.71332065346759
94.647,31.5,33.2,33.4,28.1,30.5,31.6,28.3,34.2,32.9,28.9,28.0,29.2,29.1,28.0,28.3,29.0,26.4,29.2,27.8,32.5,28.1,37.0,29.0,29.0,-6.434000293846182,-25.751990568546454
95.322,31.5,33.2,33.5,28.1,30.5,31.6,28.4,34.3,33.0,28.9,28.0,29.3,29.1,28.0,28.3,29.1,26.4,29.3,27.8,32.5,27.8,37.0,29.0,29.0,-3.221132631042231,-25.816218226362885
95.996,31.6,33.3,33.5,28.2,30.5,31.7,28.4,34.3,33.0,28.9,28.0,29.3,29.1,28.0,28.4,29.0,26.4,29.3,27.8,32.5,27.4,37.0,29.0,29.0,-4.120650478303446,-26.60598167723125
96.669,31.6,33.3,33.5,28.2,30.6,31.7,28.4,34.3,33.0,28.9,28.0,29.3,29.1,28.1,28.5,29.0,26.4,29.3,27.7,32.5,27.0,38.0,29.0,29.0,1.2593454823955383,-24.66758761908215
97.344,31.6,33.3,33.6,28.2,30.6,31.7,28.4,34.4,33.0,28.9,28.0,29.3,29.2,28.0,28.4,29.2,26.4,29.3,27.8,32.5,26.9,38.0,29.0,29.0,0.3341100169867808,-25.526854373444245
98.019,31.7,33.4,33.6,28.2,30.6,31.7,28.4,34.4,33.0,28.9,28.1,29.3,29.2,28.0,28.3,29.2,26.5,29.3,27.8,32.6,27.0,38.0,29.0,30.0,-2.3367060102846438,-24.884745516178278
98.693,31.7,33.4,33.7,28.2,30.6,31.7,28.4,34.4,33.0,29.0,28.1,29.3,29.2,28.2,28.5,29.1,26.3,29.2,27.8,32.6,27.1,38.0,29.0,30.0,0.07873100842338943,-24.48559603424018
99.368,31.7,33.4,33.7,28.2,30.6,31.7,28.4,34.4,33.1,29.0,28.1,29.4,29.2,28.1,28.5,29.2,26.5,29.3,27.9,32.6,27.3,38.0,29.0,30.0,-3.194133064785621,-26.659918879382964
100.042,31.8,33.5,33.7,28.3,30.7,31.8,28.4,34.5,33.1,29.0,28.1,29.4,29.2,28.1,28.4,29.1,26.5,29.4,27.9,32.6,27.6,38.0,29.0,30.0,-5.077710897598852,-26.534389078817014
100.717,31.8,33.5,33.8,28.3,30.7,31.8,28.4,34.5,33.1,29.0,28.1,29.4,29.3,28.1,28.4,29.1,26.5,29.3,27.9,32.6,27.9,38.0,29.0,30.0,-5.8657888946484,-26.75273254813481
101.392,31.9,33.5,33.8,28.3,30.7,31.8,28.5,34.5,33.1,29.1,28.1,29.4,29.3,28.2,28.5,29.1,26.4,29.3,27.9,32.6,28.2,38.0,29.0,30.0,-5.572972029000269,-25.935654888745248
102.068,31.9,33.6,33.8,28.3,30.7,31.8,28.5,34.5,33.1,29.1,28.1,29.4,29.3,28.2,28.5,29.2,26.6,29.4,27.9,32.6,28.5,38.0,29.0,30.0,-6.857099664719044,-27.09129419645714
102.743,31.9,33.6,33.9,28.3,30.8,31.8,28.5,34.5,33.2,29.1,28.1,29.5,29.3,28.2,28.6,29.1,26.5,29.4,28.0,32.6,28.9,38.0,29.0,30.0,-7.374527396216266,-28.078541807925163
103.417,32.0,33.7,33.9,28.4,30.8,31.9,28.5,34.6,33.2,29.1,28.2,29.5,29.3,28.3,28.6,29.1,26.5,29.4,27.9,32.9,29.2,38.0,29.0,30.0,-6.731040079954944,-26.85547973489505
104.093,32.0,33.7,34.0,28.4,30.8,31.9,28.5,34.6,33.2,29.2,28.2,29.5,29.4,28.3,28.6,29.1,26.6,29.4,27.9,32.8,29.3,38.0,29.0,30.0,-7.331422211804739,-27.789909251807607
104.769,32.1,33.7,34.0,28.4,30.9,31.9,28.6,34.7,33.2,29.2,28.2,29.5,29.4,28.2,28.6,29.2,26.5,29.5,28.0,32.9,29.3,38.0,29.0,30.0,-6.6610809447366925,-26.986229592908103
105.442,32.1,33.8,34.1,28.4,30.9,31.9,28.6,34.7,33.2,29.2,28.2,29.6,29.4,28.3,28.6,29.3,26.5,29.6,28.0,32.9,29.2,38.0,29.0,30.0,-4.458302040202202,-27.723594431804315
106.118,32.1,33.8,34.1,28.4,30.9,31.9,28.6,34.7,33.2,29.2,28.2,29.6,29.4,28.4,28.6,29.4,26.7,29.6,27.9,32.9,29.0,38.0,29.0,30.0,-0.5427231820183138,-26.08882399714048
106.793,32.2,33.8,34.1,28.4,30.9,31.9,28.6,34.7,33.2,29.2,28.3,29.6,29.5,28.3,28.6,29.5,26.6,29.4,28.0,33.0,28.7,38.0,30.0,30.0,-2.494218314099932,-24.446910563355637
107.467,32.2,33.9,34.2,28.5,30.9,31.9,28.7,34.8,33.3,29.3,28.3,29.6,29.5,28.3,28.6,29.5,26.6,29.6,28.1,33.1,28.5,38.0,30.0,30.0,-2.3137765378699218,-26.076144707223058
108.141,32.2,33.9,34.2,28.5,31.0,32.0,28.7,34.8,33.3,29.3,28.3,29.6,29.5,28.3,28.6,29.6,26.7,29.6,28.0,33.0,28.4,38.0,30.0,30.0,2.9186518565424304,-24.276502930063543
108.817,32.2,33.9,34.2,28.5,31.0,32.0,28.7,34.8,33.3,29.3,28.3,29.7,29.5,28.4,28.7,29.5,26.7,29.6,28.0,33.0,28.0,38.0,30.0,30.0,3.1688525158806335,-24.11724618636532
109.491,32.3,33.9,34.3,28.5,31.0,32.0,28.7,34.8,33.3,29.3,28.3,29.7,29.5,28.3,28.7,29.5,26.7,29.6,28.0,32.9,27.8,38.0,30.0,30.0,3.839272602888242,-25.01281196268186
110.166,32.3,33.9,34.3,28.6,31.0,32.0,28.7,34.8,33.3,29.3,28.3,29.7,29.6,28.3,28.6,29.6,26.7,29.7,28.1,33.0,27.8,38.0,30.0,30.0,2.6915389578902733,-25.683913767179966
110.839,32.3,34.0,34.3,28.5,31.0,32.0,28.7,34.9,33.4,29.3,28.4,29.7,29.6,28.4,28.8,29.7,26.8,29.7,28.1,33.0,27.5,38.0,30.0,30.0,3.0786403053896656,-26.024739937321705
111.514,32.4,34.0,34.4,28.6,31.0,32.0,28.7,34.9,33.4,29.3,28.4,29.7,29.6,28.4,28.7,29.7,26.7,29.7,28.0,33.0,27.4,38.0,30.0,30.0,7.791216499994557,-25.179018199682353
112.19,32.4,34.1,34.4,28.6,31.1,32.1,28.8,34.9,33.4,29.4,28.4,29.7,29.6,28.3,28.7,29.6,26.7,29.8,28.2,33.0,27.4,38.0,30.0,30.0,2.332306922260919,-26.27699914304381
112.863,32.4,34.1,34.5,28.6,31.1,32.1,28.8,34.9,33.5,29.4,28.4,29.8,29.6,28.4,28.6,29.7,26.8,29.8,28.2,33.1,27.6,38.0,30.0,30.0,3.903386922392512,-25.602025983675176
113.539,32.5,34.1,34.5,28.6,31.1,32.1,28.8,34.9,33.4,29.4,28.4,29.8,29.6,28.5,28.7,29.7,26.8,29.7,28.2,33.0,27.9,38.0,30.0,30.0,2.5480297980533653,-24.934123609420375
114.213,32.5,34.1,34.5,28.6,31.1,32.1,28.8,35.0,33.5,29.4,28.4,29.8,29.7,28.5,28.7,29.6,26.8,29.7,28.1,33.0,28.1,38.0,30.0,30.0,1.7612182694028586,-25.247085708782627
114.887,32.5,34.2,34.5,28.7,31.1,32.1,28.8,35.0,33.5,29.4,28.4,29.8,29.7,28.4,28.8,29.6,26.8,29.7,28.2,33.0,28.2,38.0,30.0,30.0,-1.0458592930468953,-27.456682927517015
115.561,32.6,34.2,34.6,28.7,31.2,32.1,28.8,35.0,33.5,29.5,28.4,29.8,29.7,28.5,28.8,29.5,26.7,29.7,28.1,33.0,28.5,38.0,30.0,31.0,3.6996598891560675,-25.345828249688573
116.235,32.6,34.2,34.6,28.7,31.2,32.1,28.9,35.1,33.5,29.5,28.5,29.9,29.7,28.6,28.8,29.5,26.8,29.7,28.1,33.1,29.0,38.0,30.0,30.0,1.0892023494951886,-24.49936943613995
116.911,32.7,34.3,34.7,28.7,31.2,32.1,28.9,35.1,33.5,29.5,28.5,29.9,29.8,28.6,28.9,29.5,26.7,29.8,28.2,33.2,29.2,38.0,30.0,31.0,-1.6423643774865475,-26.811839462756375
117.587,32.7,34.3,34.7,28.7,31.3,32.2,28.9,35.1,33.5,29.5,28.5,29.9,29.8,28.7,28.9,29.5,26.8,29.8,28.2,33.2,29.5,38.0,30.0,31.0,-0.7522978269278102,-25.23214598084273
118.262,32.7,34.4,34.7,28.7,31.3,32.2,28.9,35.1,33.6,29.6,28.5,29.9,29.8,28.6,28.9,29.5,26.7,29.9,28.2,33.2,29.6,38.0,30.0,31.0,-1.402094384864128,-27.349266574872956
118.938,32.7,34.4,34.8,28.7,31.3,32.2,28.9,35.2,33.6,29.6,28.5,30.0,29.8,28.6,29.0,29.6,26.8,29.9,28.2,33.3,29.4,38.0,30.0,31.0,0.7577068295977849,-27.617973127459237
119.612,32.8,34.4,34.8,28.7,31.3,32.2,29.0,35.2,33.6,29.6,28.6,30.0,29.9,28.6,28.9,29.7,26.8,29.9,28.3,33.4,29.4,38.0,30.0,31.0,-2.2361108968946084,-26.623374566331556
120.287,32.8,34.5,34.8,28.8,31.3,32.2,29.0,35.2,33.6,29.6,28.6,30.0,29.9,28.6,29.0,29.7,26.8,29.8,28.3,33.4,29.1,38.0,30.0,31.0,-1.1560636470690255,-26.613523496633412
120.963,32.9,34.5,34.9,28.8,31.4,32.2,29.0,35.2,33.6,29.6,28.6,30.0,29.9,28.6,29.0,29.8,26.8,29.9,28.3,33.4,28.9,39.0,30.0,31.0,2.513310865499708,-26.275621828548296
121.638,32.9,34.5,34.9,28.8,31.4,32.3,29.0,35.3,33.7,29.6,28.6,30.0,29.9,28.5,29.0,29.7,26.7,29.8,28.2,33.4,28.6,39.0,30.0,31.0,3.3159766834402413,-25.937779544537264
122.314,32.9,34.5,34.9,28.8,31.4,32.3,29.0,35.3,33.7,29.7,28.6,30.0,29.9,28.6,28.9,29.8,26.9,29.9,28.3,33.3,28.4,39.0,30.0,31.0,1.7861211094740703,-25.884535051379018
122.988,32.9,34.5,35.0,28.8,31.4,32.3,29.0,35.3,33.7,29.7,28.6,30.1,29.9,28.7,29.0,29.8,26.8,29.9,28.3,33.4,28.2,39.0,30.0,31.0,4.8658376585771235,-25.805400833890452
123.664,33.0,34.6,35.0,28.9,31.4,32.3,29.0,35.3,33.7,29.7,28.7,30.1,30.0,28.7,29.0,29.7,26.8,29.9,28.3,33.4,28.1,39.0,30.0,31.0,2.0574371290940157,-26.567695570568354
124.338,33.0,34.6,35.0,28.9,31.5,32.3,29.1,35.3,33.7,29.7,28.7,30.1,30.0,28.6,29.0,29.6,26.8,29.9,28.3,33.4,27.6,39.0,30.0,31.0,4.479613408086925,-24.827930869921033
125.013,33.0,34.6,35.1,28.9,31.5,32.3,29.1,35.4,33.8,29.7,28.7,30.1,30.0,28.6,29.0,29.7,26.9,29.9,28.3,33.3,27.4,39.0,30.0,31.0,6.618479267804647,-25.136230051201004
125.687,33.0,34.6,35.1,28.9,31.5,32.4,29.1,35.4,33.8,29.7,28.7,30.1,30.0,28.7,29.0,29.7,27.0,29.9,28.3,33.3,27.6,39.0,30.0,31.0,5.3996430447648756,-24.762744458830113
126.361,33.1,34.7,35.1,28.9,31.5,32.4,29.1,35.4,33.8,29.7,28.7,30.2,30.0,28.7,28.9,29.7,27.0,30.0,28.4,33.3,27.6,39.0,30.0,31.0,0.4865355246509857,-26.11138787867693
127.035,33.1,34.7,35.1,29.0,31.6,32.4,29.1,35.4,33.8,29.8,28.7,30.2,30.0,28.7,29.0,29.8,26.9,30.0,28.3,33.3,27.8,39.0,30.0,31.0,8.221213588837879,-24.744047822071643
127.708,33.1,34.7,35.1,29.0,31.6,32.4,29.1,35.4,33.8,29.8,28.7,30.2,30.0,28.6,29.0,29.7,26.9,30.1,28.4,33.4,28.1,39.0,30.0,31.0,3.5444217911809845,-26.816420665513398
128.382,33.2,34.8,35.2,29.0,31.6,32.4,29.1,35.5,33.8,29.8,28.8,30.2,30.1,28.7,29.1,29.7,26.9,30.0,28.4,33.3,28.3,39.0,31.0,31.0,1.8097167036510733,-26.3282790749998
129.056,33.2,34.8,35.2,29.0,31.6,32.4,29.2,35.5,33.8,29.9,28.8,30.2,30.1,28.7,29.0,29.8,27.0,30.1,28.4,33.3,28.5,39.0,31.0,31.0,2.2347113288048526,-25.687737278779935
129.731,33.2,34.8,35.3,29.0,31.6,32.4,29.2,35.5,33.9,29.9,28.8,30.3,30.1,28.8,29.1,29.8,27.0,30.0,28.4,33.5,29.0,39.0,31.0,31.0,2.955882220181798,-25.481320899977142
130.405,33.3,34.9,35.3,29.0,31.6,32.4,29.2,35.5,33.9,29.9,28.8,30.3,30.1,28.9,29.2,29.7,27.0,30.0,28.4,33.6,29.3,39.0,31.0,31.0,0.27001443591760577,-25.875266251029622
131.079,33.3,34.9,35.3,29.1,31.7,32.5,29.2,35.6,33.9,30.0,28.8,30.3,30.2,28.8,29.2,29.8,27.0,30.2,28.5,33.6,29.5,39.0,31.0,31.0,-0.3149538635858633,-27.538871122924228
131.755,33.3,34.9,35.4,29.1,31.7,32.5,29.2,35.6,33.9,30.0,28.8,30.3,30.1,28.8,29.2,29.8,26.9,30.2,28.6,33.6,29.7,39.0,31.0,31.0,-0.502431885872701,-28.273912364475024
132.428,33.4,34.9,35.4,29.1,31.7,32.5,29.3,35.6,34.0,30.0,28.9,30.3,30.2,28.8,29.1,29.8,26.9,30.2,28.5,33.6,29.6,39.0,31.0,31.0,0.6716079987339416,-26.729244966760227
133.102,33.4,35.0,35.4,29.1,31.8,32.5,29.3,35.6,34.0,30.0,28.9,30.3,30.2,28.9,29.3,30.1,27.0,30.2,28.5,33.7,29.4,39.0,31.0,31.0,7.659101045839321,-25.121806178088704
133.776,33.4,35.0,35.5,29.1,31.8,32.5,29.3,35.7,34.0,30.0,28.9,30.3,30.3,29.0,29.3,30.1,27.0,30.3,28.6,33.6,29.3,39.0,31.0,31.0,5.625985100057778,-26.460752341050792
134.453,33.4,35.0,35.5,29.1,31.8,32.5,29.3,35.7,34.0,30.0,28.9,30.4,30.3,29.0,29.3,30.0,27.0,30.3,28.6,33.5,29.1,39.0,31.0,31.0,4.15643459334054,-26.916087825609246
135.127,33.5,35.1,35.5,29.1,31.8,32.5,29.3,35.7,34.0,30.0,28.9,30.4,30.3,28.9,29.2,29.9,27.0,30.2,28.6,33.6,28.7,39.0,31.0,31.0,1.338700792818269,-26.39230759252515
135.799,33.5,35.1,35.5,29.1,31.8,32.6,29.3,35.7,34.0,30.0,28.9,30.4,30.3,28.9,29.2,30.0,27.0,30.2,28.6,33.6,28.2,39.0,31.0,31.0,3.4985691305180815,-25.86924650737052
136.472,33.5,35.1,35.6,29.2,31.8,32.6,29.3,35.7,34.0,30.0,28.9,30.4,30.3,28.9,29.1,29.9,27.1,30.2,28.5,33.6,27.6,39.0,31.0,31.0,7.983348112152681,-24.811338442430717
137.146,33.5,35.1,35.6,29.2,31.9,32.6,29.3,35.8,34.0,30.0,29.0,30.5,30.3,29.0,29.3,29.9,27.1,30.2,28.6,33.4,27.3,39.0,31.0,31.0,8.238737357080332,-24.65816726264805
137.821,33.6,35.1,35.6,29.2,31.9,32.6,29.4,35.8,34.0,30.1,29.0,30.5,30.3,29.0,29.2,29.8,27.0,30.3,28.6,33.5,27.1,39.0,31.0,31.0,7.795309708079255,-23.764662228213005
138.495,33.6,35.1,35.6,29.2,31.9,32.6,29.4,35.8,34.1,30.1,29.0,30.5,30.3,28.9,29.3,29.9,27.0,30.3,28.6,33.6,27.3,39.0,31.0,31.0,9.015814445271982,-24.779552908726252
139.17,33.6,35.2,35.7,29.3,31.9,32.6,29.4,35.8,34.1,30.1,29.0,30.5,30.3,29.0,29.3,30.0,27.0,30.3,28.6,33.6,27.4,39.0,31.0,32.0,12.151083037936415,-24.50567017625785
139.843,33.6,35.2,35.7,29.3,31.9,32.7,29.4,35.8,34.1,30.1,29.0,30.5,30.3,28.9,29.2,30.1,27.1,30.3,28.7,33.6,27.4,39.0,31.0,32.0,8.861933471753343,-25.137309575487812
140.518,33.7,35.2,35.7,29.3,31.9,32.7,29.4,35.8,34.1,30.2,29.0,30.5,30.4,29.1,29.3,30.2,27.1,30.3,28.7,33.7,27.4,39.0,31.0,32.0,10.151904116347005,-24.089707829710747
141.194,33.7,35.2,35.8,29.3,32.0,32.7,29.5,35.9,34.1,30.2,29.1,30.6,30.4,29.1,29.3,30.1,27.1,30.3,28.7,33.6,27.7,39.0,31.0,32.0,10.43691769319721,-23.10440147446507
141.867,33.7,35.3,35.8,29.3,32.0,32.7,29.5,35.9,34.1,30.2,29.1,30.6,30.4,29.0,29.3,30.0,27.1,30.3,28.6,33.6,28.0,39.0,31.0,32.0,9.33370760139401,-24.12857679065747
142.541,33.8,35.3,35.8,29.3,32.0,32.7,29.5,35.9,34.2,30.2,29.1,30.6,30.4,29.0,29.3,30.1,27.1,30.4,28.7,33.6,28.4,39.0,31.0,32.0,6.890799649738973,-25.60121116139686
143.214,33.8,35.4,35.8,29.3,32.0,32.7,29.5,35.9,34.1,30.2,29.1,30.6,30.5,29.1,29.3,30.0,27.1,30.4,28.7,33.7,28.8,39.0,31.0,32.0,2.78904774773026,-25.87150792645118
143.889,33.8,35.4,35.8,29.4,32.0,32.7,29.5,35.9,34.2,30.2,29.1,30.6,30.5,29.1,29.4,30.1,27.2,30.4,28.7,33.8,29.1,39.0,31.0,32.0,4.73457774377103,-26.318605066777216
144.562,33.8,35.4,35.9,29.3,32.1,32.7,29.5,36.0,34.2,30.3,29.1,30.6,30.5,29.2,29.6,30.1,27.2,30.4,28.7,33.7,29.4,39.0,31.0,32.0,7.094168818894813,-26.056360675922853
145.237,33.9,35.4,35.9,29.4,32.1,32.8,29.5,36.0,34.2,30.3,29.2,30.7,30.5,29.2,29.5,30.1,27.2,30.5,28.7,33.7,29.6,39.0,31.0,32.0,5.425009539105821,-26.642908004633973
145.913,33.9,35.5,35.9,29.4,32.1,32.8,29.6,36.0,34.2,30.3,29.2,30.7,30.6,29.2,29.5,30.1,27.1,30.4,28.7,33.8,29.7,39.0,31.0,32.0,3.848969443756191,-25.824473805383178
146.588,33.9,35.5,36.0,29.4,32.2,32.8,29.6,36.1,34.3,30.3,29.2,30.7,30.6,29.2,29.6,30.2,27.2,30.5,28.7,33.8,29.6,39.0,31.0,32.0,9.062513442346939,-25.802988991250203
147.263,34.0,35.5,36.0,29.4,32.2,32.8,29.6,36.1,34.3,30.3,29.2,30.7,30.6,29.2,29.6,30.2,27.1,30.6,28.8,33.9,29.5,39.0,31.0,32.0,7.196783782820985,-26.61247567892164
147.937,34.0,35.6,36.1,29.5,32.2,32.8,29.6,36.1,34.3,30.3,29.2,30.7,30.6,29.3,29.5,30.2,27.3,30.5,28.9,33.9,29.2,39.0,31.0,32.0,5.653275328498083,-25.86354507363687
148.611,34.0,35.6,36.1,29.5,32.2,32.9,29.6,36.1,34.3,30.4,29.3,30.7,30.6,29.2,29.4,30.2,27.2,30.5,28.9,33.9,29.0,39.0,31.0,32.0,5.05270151409802,-25.98740598249445
149.284,34.1,35.6,36.1,29.5,32.2,32.9,29.6,36.1,34.3,30.4,29.2,30.8,30.6,29.3,29.6,30.3,27.3,30.5,28.8,33.9,28.8,39.0,31.0,32.0,9.36593388808099,-25.423417202326263
149.957,34.1,35.6,36.1,29.5,32.2,32.9,29.6,36.1,34.3,30.4,29.3,30.8,30.6,29.2,29.6,30.3,27.3,30.5,28.8,33.9,28.4,40.0,31.0,32.0,8.211562873819513,-26.10974790043639
150.63,34.1,35.6,36.1,29.5,32.2,32.9,29.7,36.1,34.4,30.4,29.3,30.8,30.6,29.3,29.6,30.3,27.4,30.6,29.0,33.9,28.1,40.0,31.0,32.0,4.883344366170656,-26.315617480783132
151.304,34.1,35.7,36.1,29.5,32.3,32.9,29.7,36.1,34.3,30.4,29.3,30.8,30.7,29.2,29.6,30.3,27.2,30.6,28.9,33.8,27.9,40.0,31.0,32.0,8.446385635526411,-25.839946193154766
151.978,34.1,35.7,36.2,29.5,32.3,32.9,29.7,36.1,34.4,30.4,29.3,30.8,30.7,29.2,29.6,30.2,27.3,30.5,28.9,33.8,27.7,40.0,31.0,32.0,8.606690662977083,-25.646460400553842
152.652,34.2,35.7,36.2,29.6,32.3,32.9,29.7,36.2,34.4,30.4,29.3,30.8,30.7,29.3,29.6,30.1,27.3,30.5,28.9,33.8,27.5,40.0,31.0,32.0,8.053056006567317,-24.89548341913683
153.327,34.2,35.7,36.2,29.6,32.3,32.9,29.7,36.2,34.4,30.5,29.3,30.9,30.7,29.3,29.6,30.3,27.3,30.6,28.9,33.8,27.7,40.0,31.0,32.0,9.864354973701328,-25.5639474388932
154.001,34.2,35.8,36.3,29.6,32.3,32.9,29.7,36.2,34.4,30.4,29.3,30.9,30.7,29.3,29.6,30.3,27.3,30.6,28.9,33.8,27.8,40.0,32.0,32.0,10.552859806054457,-25.457937476848095
154.674,34.2,35.8,36.3,29.6,32.4,32.9,29.8,36.2,34.4,30.5,29.4,30.9,30.7,29.3,29.6,30.2,27.3,30.6,28.8,33.8,27.9,40.0,31.0,32.0,13.489433926345718,-23.99436323638536
155.349,34.3,35.8,36.3,29.6,32.4,32.9,29.8,36.2,34.4,30.5,29.4,30.9,30.8,29.3,29.5,30.3,27.3,30.6,28.9,33.8,28.1,40.0,31.0,32.0,9.557378818039052,-24.29361721763494
156.023,34.3,35.9,36.3,29.6,32.4,33.0,29.8,36.3,34.4,30.6,29.4,30.9,30.8,29.3,29.5,30.3,27.3,30.6,28.8,33.8,28.5,40.0,32.0,32.0,9.21486445090963,-23.714531705352876
156.698,34.3,35.9,36.4,29.6,32.4,33.0,29.8,36.3,34.5,30.6,29.4,30.9,30.8,29.3,29.6,30.3,27.3,30.7,28.8,33.8,28.9,40.0,32.0,32.0,10.50938124499595,-25.691741850011944
157.373,34.3,35.9,36.4,29.7,32.4,33.0,29.8,36.4,34.5,30.6,29.4,31.0,30.8,29.3,29.6,30.2,27.3,30.7,28.9,33.8,29.1,40.0,32.0,32.0,5.848574225498712,-26.7949651828415
158.047,34.4,35.9,36.4,29.7,32.5,33.0,29.8,36.3,34.5,30.6,29.4,31.0,30.8,29.4,29.8,30.2,27.3,30.8,29.0,33.9,29.3,40.0,32.0,32.0,7.12381622873713,-26.82668009911945
158.72,34.4,36.0,36.4,29.7,32.5,33.0,29.9,36.4,34.5,30.6,29.5,31.0,30.9,29.4,29.7,30.3,27.4,30.7,28.9,34.0,29.7,40.0,32.0,32.0,6.146041705377922,-24.942023454918576
159.393,34.4,36.0,36.5,29.7,32.5,33.0,29.9,36.4,34.5,30.7,29.5,31.0,30.9,29.5,29.8,30.4,27.4,30.7,29.0,34.1,29.7,40.0,32.0,32.0,7.468601719310367,-25.169348592318897
160.068,34.4,36.0,36.5,29.7,32.5,33.0,29.9,36.4,34.5,30.7,29.5,31.0,30.9,29.4,29.8,30.5,27.4,30.8,28.9,34.1,29.7,40.0,32.0,32.0,11.175550589760924,-25.729509959801696
160.743,34.5,36.0,36.5,29.7,32.5,33.1,29.9,36.4,34.6,30.7,29.5,31.1,30.9,29.4,29.8,30.6,27.4,30.7,29.0,34.1,29.4,40.0,32.0,32.0,8.980488457386514,-25.555895948638735
161.416,34.5,36.1,36.5,29.8,32.5,33.1,29.9,36.4,34.6,30.7,29.5,31.1,30.9,29.5,29.7,30.3,27.4,30.7,29.0,34.1,29.3,40.0,32.0,33.0,5.622482246547417,-25.128536567820845
162.09,34.5,36.1,36.6,29.8,32.6,33.1,29.9,36.4,34.6,30.7,29.5,31.1,30.9,29.4,29.7,30.4,27.4,30.7,29.0,34.1,29.1,40.0,32.0,32.0,10.643828393436728,-24.721838453841023
162.764,34.5,36.1,36.6,29.8,32.6,33.1,30.0,36.4,34.6,30.7,29.5,31.1,31.0,29.4,29.8,30.4,27.4,30.8,29.1,34.0,28.8,40.0,32.0,33.0,9.050121041151826,-25.53965482752686
163.438,34.6,36.1,36.6,29.8,32.6,33.1,30.0,36.5,34.6,30.7,29.6,31.1,31.0,29.4,29.7,30.6,27.5,30.8,29.0,34.1,28.3,40.0,32.0,33.0,13.374808129336564,-23.238109666589224
164.112,34.6,36.1,36.6,29.8,32.6,33.1,30.0,36.5,34.7,30.7,29.6,31.1,31.0,29.5,29.8,30.5,27.4,30.7,29.0,34.1,28.1,40.0,32.0,33.0,14.097701114778335,-22.612710212137188
164.785,34.6,36.1,36.6,29.8,32.6,33.1,30.0,36.5,34.7,30.7,29.6,31.2,31.0,29.5,29.8,30.4,27.5,30.7,29.0,34.0,27.9,40.0,32.0,33.0,12.118123288080337,-23.034815367985516
165.458,34.6,36.1,36.7,29.8,32.6,33.2,30.0,36.5,34.7,30.7,29.6,31.2,31.0,29.4,29.8,30.3,27.4,30.7,29.0,34.0,27.5,40.0,32.0,33.0,12.799711319706837,-23.967952142264522
166.132,34.6,36.2,36.7,29.9,32.7,33.2,30.0,36.5,34.7,30.8,29.6,31.2,31.0,29.4,29.8,30.4,27.4,30.8,29.1,33.9,27.5,40.0,32.0,33.0,14.121409205854288,-24.44286027750009
166.806,34.7,36.2,36.7,29.9,32.7,33.2,30.0,36.5,34.8,30.8,29.6,31.2,31.0,29.4,29.8,30.3,27.5,30.8,29.1,34.0,27.6,40.0,32.0,33.0,11.881920131172489,-24.534230154034617
167.481,34.7,36.2,36.7,29.9,32.7,33.2,30.1,36.5,34.8,30.8,29.6,31.2,31.0,29.4,29.9,30.5,27.5,30.8,29.1,34.1,27.6,40.0,32.0,33.0,15.506977820833256,-23.517385694162385
168.156,34.7,36.2,36.7,29.9,32.7,33.2,30.1,36.6,34.8,30.8,29.7,31.2,31.0,29.6,29.8,30.5,27.5,30.9,29.1,34.0,27.7,40.0,32.0,33.0,14.917119943263884,-22.719895100037
168.829,34.8,36.3,36.8,29.9,32.7,33.2,30.1,36.6,34.8,30.8,29.7,31.2,31.1,29.6,29.8,30.6,27.5,30.9,29.1,34.1,28.0,40.0,32.0,33.0,14.277303277554438,-23.549052562691763
169.503,34.8,36.3,36.8,30.0,32.7,33.2,30.1,36.6,34.8,30.9,29.7,31.2,31.1,29.6,29.8,30.5,27.5,30.8,29.1,34.1,28.4,40.0,32.0,33.0,12.59493728639869,-23.440738784150987
170.177,34.8,36.3,36.8,30.0,32.8,33.2,30.1,36.6,34.8,30.9,29.7,31.2,31.1,29.6,29.8,30.5,27.6,30.9,29.0,34.1,28.7,40.0,32.0,33.0,16.48676571452205,-22.49741829451316
170.85,34.8,36.4,36.8,30.0,32.8,33.3,30.1,36.7,34.8,30.9,29.7,31.3,31.1,29.7,29.9,30.4,27.5,30.9,29.1,34.1,29.1,40.0,32.0,33.0,9.991286747569003,-24.215631203924374
171.523,34.8,36.4,36.9,30.0,32.8,33.3,30.1,36.7,34.8,30.9,29.7,31.3,31.2,29.6,29.8,30.5,27.5,30.9,29.1,34.2,29.3,40.0,32.0,33.0,10.374767875316493,-24.771912408774767
172.198,34.8,36.4,36.9,30.0,32.8,33.3,30.2,36.7,34.9,31.0,29.7,31.3,31.2,29.7,29.9,30.4,27.4,30.9,29.2,34.1,29.7,40.0,32.0,33.0,7.243677667855092,-25.339209343910383
172.872,34.9,36.4,36.9,30.0,32.8,33.3,30.2,36.7,34.8,31.0,29.8,31.3,31.2,29.7,30.0,30.5,27.4,30.9,29.1,34.2,29.9,40.0,32.0,33.0,10.098690478650632,-24.611811983781692
173.545,34.9,36.5,36.9,30.0,32.9,33.3,30.2,36.7,34.9,31.0,29.8,31.3,31.2,29.6,30.0,30.7,27.5,31.0,29.2,34.3,29.9,40.0,32.0,33.0,11.368506209278674,-25.1847315507948
174.218,34.9,36.5,36.9,30.0,32.9,33.3,30.2,36.8,34.9,31.0,29.8,31.4,31.2,29.7,30.1,30.7,27.5,31.0,29.3,34.4,29.8,40.0,32.0,33.0,8.973530595193399,-25.375950313938887
174.892,34.9,36.5,37.0,30.1,32.9,33.4,30.2,36.8,34.9,31.0,29.8,31.4,31.2,29.7,30.1,30.8,27.5,31.1,29.2,34.4,29.6,40.0,32.0,33.0,15.555937636875168,-25.56675131297154
175.567,35.0,36.5,37.0,30.1,32.9,33.4,30.2,36.8,35.0,31.0,29.8,31.4,31.3,29.7,30.1,30.8,27.6,31.0,29.2,34.5,29.3,40.0,32.0,33.0,14.460219511985695,-24.757004318102403
176.24,35.0,36.5,37.0,30.1,32.9,33.4,30.3,36.8,35.0,31.1,29.8,31.4,31.3,29.8,30.1,30.8,27.6,31.1,29.2,34.4,29.1,40.0,32.0,33.0,15.98074944460895,-24.03980831531804
176.915,35.0,36.5,37.0,30.1,32.9,33.4,30.3,36.8,35.0,31.0,29.9,31.4,31.3,29.7,30.1,30.7,27.5,31.0,29.2,34.3,28.7,40.0,32.0,33.0,15.193782650385945,-24.051079094013566
177.589,35.0,36.6,37.0,30.1,33.0,33.4,30.3,36.8,35.0,31.1,29.9,31.4,31.3,29.7,30.1,30.8,27.6,31.0,29.2,34.3,28.4,40.0,32.0,33.0,18.280592973221626,-22.742113272425883
178.263,35.1,36.6,37.1,30.1,33.0,33.4,30.3,36.8,35.0,31.1,29.9,31.5,31.3,29.7,30.0,30.7,27.6,31.1,29.2,34.3,28.0,40.0,32.0,33.0,18.187976675310995,-23.203592024608483
178.937,35.1,36.6,37.1,30.2,33.0,33.4,30.3,36.9,35.1,31.1,29.9,31.5,31.3,29.8,29.9,30.7,27.6,31.1,29.3,34.2,28.1,40.0,32.0,33.0,15.782960853753387,-23.180668791916894
179.61,35.1,36.6,37.1,30.2,33.0,33.4,30.3,36.8,35.1,31.1,29.9,31.5,31.3,29.8,29.9,30.7,27.7,31.1,29.3,34.3,28.0,40.0,32.0,33.0,16.52217698456018,-22.834138552383962
180.284,35.1,36.6,37.1,30.2,33.0,33.5,30.3,36.9,35.1,31.1,29.9,31.5,31.3,29.8,30.1,30.7,27.8,31.0,29.2,34.3,27.6,40.0,32.0,33.0,19.008463468754048,-22.200699660743986
180.957,35.1,36.6,37.1,30.2,33.0,33.5,30.3,36.9,35.1,31.1,29.9,31.5,31.3,29.8,30.1,30.7,27.8,31.0,29.3,34.3,27.6,40.0,32.0,33.0,16.478381666088683,-22.742548087723613
181.633,35.1,36.7,37.2,30.2,33.0,33.5,30.4,36.9,35.1,31.1,30.0,31.5,31.3,29.7,30.1,30.7,27.6,31.1,29.2,34.3,27.8,40.0,32.0,33.0,19.836927871695718,-23.660555604152997
182.308,35.1,36.7,37.2,30.2,33.1,33.5,30.4,36.9,35.1,31.2,30.0,31.5,31.4,29.8,30.1,30.8,27.7,31.1,29.3,34.2,27.8,40.0,32.0,33.0,19.76677214703404,-22.62073406591208
182.983,35.2,36.7,37.2,30.2,33.1,33.5,30.4,36.9,35.1,31.2,30.0,31.5,31.4,29.8,30.2,30.8,27.7,31.1,29.3,34.3,28.1,40.0,32.0,33.0,18.934673133453412,-22.975871278106148
183.658,35.2,36.7,37.2,30.2,33.1,33.5,30.4,37.0,35.1,31.2,30.0,31.6,31.4,29.8,30.1,30.8,27.7,31.2,29.2,34.3,28.5,40.0,32.0,33.0,18.893312729253832,-23.179406480467797
184.332,35.2,36.7,37.3,30.3,33.1,33.5,30.4,37.0,35.1,31.2,30.0,31.6,31.4,30.0,30.1,30.7,27.8,31.1,29.3,34.3,28.7,40.0,32.0,33.0,17.053059042373032,-22.432223489531886
185.007,35.2,36.8,37.3,30.3,33.1,33.5,30.4,37.0,35.1,31.2,30.0,31.6,31.5,29.9,30.1,30.8,27.6,31.1,29.3,34.4,29.1,40.0,32.0,33.0,15.921152546707123,-23.854284435494925
185.681,35.3,36.8,37.3,30.3,33.2,33.5,30.5,37.0,35.2,31.2,30.0,31.6,31.5,29.9,30.1,30.7,27.7,31.2,29.3,34.4,29.5,40.0,32.0,33.0,15.633639254383777,-23.01615300792043
186.354,35.3,36.8,37.3,30.3,33.2,33.5,30.5,37.0,35.2,31.3,30.0,31.6,31.5,30.0,30.2,30.9,27.8,31.1,29.4,34.5,29.7,40.0,32.0,33.0,15.478152181844518,-22.21246285439034
187.028,35.4,36.9,37.3,30.3,33.2,33.5,30.5,37.0,35.2,31.3,30.1,31.6,31.5,29.9,30.2,30.8,27.8,31.2,29.4,34.5,29.8,40.0,33.0,33.0,12.496148519517636,-23.159066364984263
187.702,35.3,36.9,37.4,30.3,33.2,33.6,30.5,37.1,35.2,31.4,30.1,31.6,31.5,30.0,30.2,30.9,27.9,31.2,29.4,34.6,29.9,40.0,33.0,33.0,14.399339845557392,-22.651395377648825
188.376,35.4,36.9,37.4,30.3,33.2,33.6,30.5,37.1,35.2,31.4,30.1,31.6,31.5,30.0,30.2,31.0,27.8,31.2,29.4,34.6,29.8,40.0,33.0,33.0,15.88414181981436,-22.286206724165652
189.049,35.4,36.9,37.4,30.3,33.2,33.6,30.5,37.1,35.2,31.4,30.1,31.7,31.6,29.9,30.2,30.9,27.8,31.1,29.4,34.6,29.7,40.0,33.0,33.0,12.527111366888683,-22.874891463373288
189.725,35.4,36.9,37.4,30.4,33.2,33.6,30.5,37.1,35.3,31.4,30.1,31.7,31.6,30.0,30.3,30.9,27.8,31.1,29.3,34.6,29.4,40.0,33.0,33.0,18.24275054718838,-22.070929144972148
190.397,35.4,36.9,37.4,30.4,33.3,33.6,30.6,37.1,35.3,31.4,30.1,31.7,31.6,30.0,30.2,30.8,27.9,31.2,29.3,34.6,29.0,40.0,33.0,33.0,20.18226290033099,-19.978859904567948
191.071,35.4,37.0,37.5,30.4,33.3,33.6,30.6,37.1,35.3,31.4,30.1,31.7,31.6,29.9,30.2,30.9,27.8,31.2,29.3,34.5,28.6,40.0,33.0,34.0,23.077167613160785,-20.79703532950831
191.744,35.4,37.0,37.5,30.4,33.3,33.6,30.6,37.2,35.3,31.4,30.2,31.7,31.6,30.0,30.3,30.9,27.8,31.3,29.4,34.5,28.1,40.0,33.0,34.0,22.32940917359267,-21.297781176033723
192.418,35.5,37.0,37.5,30.4,33.3,33.7,30.6,37.1,35.3,31.4,30.2,31.7,31.6,30.0,30.4,30.9,27.8,31.3,29.4,34.5,27.9,40.0,33.0,34.0,22.857012020749753,-21.60505105061901
193.093,35.5,37.0,37.5,30.4,33.3,33.7,30.6,37.2,35.4,31.4,30.2,31.7,31.6,30.0,30.3,30.9,27.8,31.2,29.4,34.5,27.5,40.0,33.0,34.0,22.83451946345986,-20.290118083291915
193.766,35.5,37.0,37.5,30.4,33.3,33.7,30.6,37.2,35.4,31.4,30.2,31.8,31.6,30.0,30.3,31.0,27.8,31.2,29.4,34.4,27.3,41.0,33.0,34.0,22.28881907011727,-20.81996624410671
194.441,35.5,37.0,37.5,30.5,33.3,33.7,30.6,37.2,35.4,31.4,30.2,31.8,31.6,30.0,30.3,31.1,27.9,31.3,29.4,34.4,27.3,41.0,33.0,34.0,24.46051579383468,-21.27263331988349
195.114,35.5,37.0,37.6,30.5,33.4,33.8,30.6,37.2,35.4,31.5,30.2,31.8,31.6,30.0,30.2,31.2,28.0,31.2,29.4,34.3,27.5,41.0,33.0,34.0,26.91595460719798,-19.48587212527051
195.789,35.5,37.0,37.6,30.5,33.4,33.8,30.7,37.2,35.4,31.5,30.3,31.8,31.6,30.0,30.3,31.2,27.9,31.3,29.4,34.5,27.8,41.0,33.0,34.0,27.89631960328243,-19.540749035216813
196.463,35.6,37.1,37.6,30.5,33.4,33.8,30.7,37.3,35.4,31.5,30.3,31.8,31.7,30.0,30.3,31.2,27.9,31.3,29.5,34.4,27.9,41.0,33.0,34.0,21.448625383298875,-21.088792746102214
197.137,35.6,37.1,37.6,30.5,33.4,33.8,30.7,37.3,35.4,31.5,30.3,31.8,31.7,30.0,30.3,31.2,27.9,31.2,29.4,34.3,28.3,41.0,33.0,34.0,22.349931424763202,-20.458366514272797
197.809,35.6,37.1,37.7,30.5,33.4,33.8,30.7,37.3,35.4,31.6,30.3,31.8,31.7,30.0,30.2,31.2,27.9,31.3,29.5,34.5,28.6,41.0,33.0,34.0,20.608474176732003,-21.324327999271894
198.482,35.7,37.2,37.7,30.6,33.5,33.8,30.7,37.3,35.4,31.6,30.3,31.8,31.7,30.2,30.3,31.1,27.9,31.3,29.4,34.5,29.0,41.0,33.0,34.0,23.90374022774151,-19.58297317265489
199.157,35.7,37.2,37.7,30.6,33.5,33.8,30.7,37.3,35.5,31.6,30.3,31.9,31.8,30.2,30.3,31.0,28.0,31.3,29.5,34.5,29.3,41.0,33.0,34.0,17.384487947218176,-21.282714125042645
199.83,35.7,37.2,37.7,30.6,33.5,33.8,30.7,37.3,35.5,31.6,30.3,31.9,31.8,30.1,30.4,31.0,28.0,31.3,29.5,34.6,29.6,41.0,33.0,34.0,16.721648780659613,-22.381921240166015
200.504,35.7,37.2,37.7,30.6,33.5,33.8,30.8,37.3,35.5,31.6,30.4,31.9,31.8,30.1,30.4,31.1,28.0,31.4,29.4,34.6,29.8,41.0,33.0,34.0,20.472670325764714,-21.612822670566935
201.177,35.7,37.3,37.8,30.6,33.5,33.8,30.8,37.4,35.5,31.6,30.3,31.9,31.8,30.2,30.3,31.2,27.9,31.4,29.4,34.7,30.0,41.0,33.0,34.0,21.761080984551427,-21.104288306920225
201.852,35.8,37.3,37.8,30.6,33.5,33.8,30.8,37.4,35.5,31.7,30.4,31.9,31.8,30.2,30.5,31.2,28.0,31.5,29.7,34.6,29.7,41.0,33.0,34.0,14.704969894574848,-24.108098199722313
202.525,35.8,37.3,37.8,30.6,33.5,33.9,30.8,37.4,35.5,31.7,30.4,31.9,31.9,30.3,30.5,31.3,27.9,31.4,29.5,34.7,29.7,41.0,33.0,34.0,20.374888942375037,-21.73506873323469
203.201,35.8,37.3,37.8,30.6,33.6,33.9,30.8,37.4,35.6,31.7,30.4,31.9,31.9,30.3,30.5,31.2,27.9,31.4,29.7,34.7,29.5,41.0,33.0,34.0,17.254676300823974,-21.746432977645966
203.874,35.8,37.3,37.8,30.6,33.6,33.9,30.8,37.4,35.6,31.7,30.4,31.9,31.8,30.3,30.4,31.2,28.0,31.4,29.6,34.7,29.2,41.0,33.0,34.0,20.755617343457132,-20.115704696316108
204.548,35.8,37.4,37.8,30.7,33.6,33.9,30.9,37.4,35.6,31.7,30.4,32.0,31.8,30.3,30.5,31.3,28.1,31.5,29.6,34.7,28.6,41.0,33.0,34.0,23.87601338168923,-20.34121809279219
205.224,35.8,37.4,37.9,30.7,33.6,33.9,30.9,37.4,35.6,31.7,30.4,32.0,31.9,30.3,30.5,31.2,28.0,31.4,29.6,34.7,28.4,41.0,33.0,34.0,23.74615725913845,-20.340486202372375
205.897,35.9,37.4,37.9,30.7,33.6,33.9,30.9,37.4,35.6,31.7,30.5,32.0,31.9,30.3,30.6,31.3,28.1,31.4,29.6,34.6,28.2,41.0,33.0,34.0,24.580185866143932,-20.460467675668845
206.57,35.9,37.4,37.9,30.7,33.6,33.9,30.9,37.4,35.7,31.7,30.5,32.0,31.9,30.2,30.5,31.3,28.1,31.4,29.7,34.6,28.1,41.0,33.0,34.0,21.69377141385222,-21.303990514153654
207.245,35.9,37.4,37.9,30.7,33.6,34.0,30.9,37.4,35.7,31.7,30.5,32.0,31.9,30.3,30.5,31.2,28.0,31.4,29.6,34.6,28.0,41.0,33.0,34.0,23.61233712483541,-20.37380025839019
207.919,35.9,37.4,37.9,30.7,33.7,34.0,30.9,37.4,35.7,31.7,30.5,32.0,31.9,30.2,30.4,31.3,28.0,31.4,29.6,34.6,28.0,41.0,33.0,34.0,26.406762064052156,-19.067246962118972
208.593,35.9,37.4,37.9,30.7,33.6,34.0,30.9,37.4,35.7,31.8,30.5,32.0,31.9,30.2,30.5,31.4,28.1,31.4,29.6,34.5,27.9,41.0,33.0,34.0,25.387553446160656,-20.7369633820624
209.269,35.9,37.4,38.0,30.8,33.7,34.0,30.9,37.5,35.7,31.8,30.5,32.1,31.9,30.3,30.5,31.3,28.0,31.5,29.6,34.5,27.9,41.0,33.0,34.0,28.936853450376013,-20.19402601344369
209.944,36.0,37.4,38.0,30.8,33.7,34.0,31.0,37.5,35.7,31.8,30.6,32.1,31.9,30.2,30.4,31.3,28.0,31.4,29.6,34.6,28.0,41.0,33.0,34.0,27.14408948927858,-18.570310621984213
210.617,36.0,37.4,38.0,30.8,33.7,34.0,31.0,37.5,35.7,31.8,30.6,32.1,31.9,30.2,30.4,31.3,28.0,31.4,29.6,34.5,28.1,41.0,33.0,34.0,26.669502028608694,-18.89630003241509
211.291,36.0,37.5,38.0,30.8,33.7,34.0,31.0,37.5,35.7,31.8,30.6,32.1,32.0,30.2,30.4,31.4,28.1,31.5,29.6,34.6,28.5,41.0,33.0,34.0,24.784765164948205,-20.25605952715768
211.966,36.0,37.5,38.0,30.8,33.8,34.1,31.0,37.5,35.8,31.9,30.6,32.1,32.0,30.2,30.5,31.3,28.0,31.4,29.7,34.6,28.6,41.0,33.0,34.0,23.404236764047784,-19.92531008620694
212.639,36.0,37.5,38.0,30.8,33.8,34.1,31.0,37.6,35.8,31.9,30.6,32.1,32.0,30.3,30.5,31.3,28.0,31.5,29.7,34.5,29.0,41.0,33.0,34.0,22.101385846952248,-20.52858398774849
213.314,36.1,37.6,38.1,30.8,33.8,34.1,31.0,37.6,35.8,31.9,30.6,32.1,32.0,30.4,30.6,31.3,28.1,31.5,29.6,34.7,29.4,41.0,33.0,34.0,24.067506050147404,-20.297012726877007
213.987,36.1,37.6,38.1,30.9,33.8,34.1,31.0,37.6,35.8,31.9,30.6,32.1,32.0,30.4,30.7,31.3,28.0,31.4,29.7,34.8,29.7,41.0,33.0,34.0,22.586769614221232,-20.680399753834607
214.662,36.1,37.6,38.1,30.9,33.8,34.1,31.0,37.6,35.8,31.9,30.6,32.2,32.1,30.4,30.7,31.3,28.1,31.7,29.8,34.8,29.8,41.0,33.0,34.0,18.577552713016185,-23.831805213211183
215.335,36.1,37.6,38.1,30.9,33.8,34.1,31.0,37.6,35.8,32.0,30.6,32.2,32.1,30.5,30.8,31.4,28.1,31.7,29.8,34.9,30.0,41.0,33.0,34.0,20.479080014127057,-23.381169163067092
216.011,36.1,37.7,38.2,30.9,33.9,34.1,31.1,37.6,35.8,32.0,30.7,32.2,32.1,30.5,30.8,31.5,28.2,31.7,29.7,34.8,29.8,41.0,33.0,34.0,27.145406360456956,-21.283874155128956
216.685,36.2,37.7,38.2,30.9,33.9,34.1,31.1,37.7,35.8,32.0,30.7,32.2,32.1,30.5,30.7,31.4,28.2,31.7,29.8,34.8,29.6,41.0,33.0,34.0,22.056056846031556,-21.260503090350333
217.359,36.2,37.7,38.2,30.9,33.9,34.1,31.1,37.7,35.9,32.0,30.7,32.2,32.2,30.5,30.7,31.4,28.1,31.6,29.8,34.9,29.3,41.0,33.0,34.0,22.6238910423529,-20.624005943600288
218.034,36.2,37.7,38.2,30.9,33.9,34.1,31.1,37.7,35.9,32.0,30.7,32.2,32.1,30.4,30.7,31.4,28.2,31.5,29.7,34.8,29.0,41.0,33.0,34.0,25.601874956356912,-19.646115514626167
218.708,36.2,37.7,38.2,30.9,33.9,34.2,31.1,37.7,35.9,32.0,30.7,32.2,32.2,30.5,30.7,31.4,28.2,31.6,29.8,34.8,28.2,41.0,33.0,34.0,24.52961988550743,-19.962507398812534
219.383,36.2,37.7,38.2,30.9,33.9,34.2,31.1,37.7,35.9,32.0,30.7,32.2,32.2,30.4,30.7,31.4,28.2,31.6,29.8,34.8,27.9,41.0,33.0,34.0,24.94925993102227,-20.323880962600107
220.057,36.2,37.7,38.2,31.0,33.9,34.2,31.1,37.7,35.9,32.0,30.7,32.2,32.2,30.4,30.7,31.4,28.2,31.6,29.7,34.8,27.7,41.0,33.0,34.0,29.154977832835165,-19.60109189840086
220.73,36.2,37.7,38.2,31.0,34.0,34.2,31.2,37.7,35.9,32.0,30.8,32.3,32.2,30.4,30.6,31.4,28.2,31.6,29.7,34.8,27.7,41.0,33.0,34.0,30.707419134134035,-17.18405273461753
221.403,36.3,37.7,38.3,31.0,34.0,34.2,31.2,37.7,35.9,32.0,30.8,32.3,32.2,30.4,30.7,31.4,28.1,31.5,29.7,34.7,27.9,41.0,33.0,34.0,31.354485867706895,-17.60414136254785
222.076,36.3,37.7,38.3,31.0,34.0,34.2,31.2,37.7,36.0,32.0,30.8,32.3,32.2,30.5,30.8,31.4,28.2,31.6,29.8,34.6,27.7,41.0,33.0,34.0,30.213025393471117,-18.861489483051443
222.75,36.3,37.7,38.3,31.0,34.0,34.2,31.2,37.7,36.0,32.0,30.8,32.3,32.2,30.4,30.7,31.4,28.2,31.7,29.8,34.7,27.9,41.0,33.0,34.0,29.226357993937032,-19.65428319448896
223.424,36.3,37.7,38.3,31.0,34.0,34.2,31.2,37.7,36.0,32.0,30.8,32.3,32.2,30.4,30.7,31.4,28.2,31.7,29.7,34.6,27.8,41.0,33.0,34.0,31.88495094427408,-19.251828818199797
224.098,36.4,37.8,38.3,31.0,34.0,34.2,31.2,37.7,36.0,32.1,30.8,32.3,32.2,30.6,30.7,31.4,28.2,31.7,29.8,34.8,28.1,41.0,33.0,34.0,28.192924384189194,-18.681965258205643
224.773,36.3,37.8,38.3,31.0,34.0,34.3,31.2,37.8,36.0,32.1,30.8,32.3,32.2,30.6,30.8,31.4,28.2,31.7,29.8,34.8,28.4,41.0,33.0,34.0,27.088747545583733,-19.592745466211447
225.447,36.4,37.8,38.3,31.1,34.1,34.3,31.2,37.8,36.0,32.1,30.9,32.3,32.2,30.7,30.9,31.4,28.2,31.8,29.9,34.8,28.7,41.0,33.0,34.0,27.552978791151666,-19.448133874005237
226.121,36.4,37.8,38.3,31.1,34.1,34.3,31.2,37.8,36.1,32.2,30.9,32.3,32.3,30.7,30.8,31.4,28.2,31.7,29.9,34.8,29.0,41.0,33.0,34.0,25.219649605131917,-19.121957233453863
226.796,36.4,37.9,38.4,31.1,34.1,34.3,31.3,37.8,36.0,32.2,30.9,32.4,32.3,30.7,30.8,31.4,28.2,31.7,29.8,34.8,29.2,41.0,34.0,34.0,27.666502726978248,-17.746416155356343
227.47,36.4,37.9,38.4,31.1,34.1,34.3,31.3,37.9,36.1,32.2,30.9,32.4,32.3,30.5,30.8,31.4,28.2,31.8,29.9,34.8,29.5,41.0,33.0,34.0,22.563033681467907,-21.64464363594999
228.145,36.4,37.9,38.4,31.1,34.1,34.3,31.3,37.9,36.1,32.2,30.9,32.4,32.3,30.6,30.9,31.4,28.2,31.8,29.9,34.9,29.8,41.0,33.0,34.0,22.849172575563042,-21.469103395828974
228.82,36.4,37.9,38.4,31.1,34.1,34.3,31.3,37.9,36.1,32.2,30.9,32.5,32.4,30.7,30.9,31.4,28.2,31.9,29.9,35.0,30.0,41.0,34.0,34.0,22.291993104183547,-20.99457223179344
229.494,36.5,38.0,38.4,31.1,34.1,34.3,31.3,37.9,36.1,32.2,30.9,32.4,32.4,30.7,30.8,31.5,28.2,31.8,29.9,35.0,30.0,41.0,34.0,34.0,21.75463583534553,-19.84328049568066
230.168,36.5,37.9,38.4,31.1,34.1,34.3,31.3,38.0,36.1,32.3,30.9,32.5,32.4,30.8,30.9,31.5,28.2,31.8,30.0,35.0,30.0,41.0,34.0,34.0,19.903551649133025,-19.89553567492173
230.843,36.5,38.0,38.5,31.2,34.2,34.3,31.3,37.9,36.1,32.3,30.9,32.5,32.4,30.7,30.9,31.5,28.3,31.9,30.0,35.0,29.7,41.0,34.0,35.0,24.871847200673578,-20.107831875002752
231.516,36.5,38.0,38.5,31.2,34.2,34.4,31.3,38.0,36.1,32.3,31.0,32.5,32.4,30.6,30.9,31.7,28.2,31.8,30.0,35.0,29.2,41.0,34.0,34.0,26.959269828084533,-19.633902671711787
232.19,36.6,38.0,38.5,31.2,34.2,34.4,31.4,38.0,36.2,32.3,31.0,32.5,32.4,30.8,30.9,31.6,28.3,31.8,29.9,34.9,29.1,41.0,34.0,35.0,28.92367905411447,-17.063972488351958
232.864,36.5,38.0,38.5,31.2,34.2,34.4,31.4,38.0,36.1,32.3,31.0,32.5,32.4,30.7,30.9,31.6,28.4,31.8,29.9,34.9,28.7,41.0,34.0,35.0,29.482338677079984,-17.209740241222498
233.539,36.6,38.0,38.5,31.2,34.2,34.4,31.4,38.0,36.2,32.2,31.0,32.5,32.4,30.7,30.8,31.6,28.3,31.8,29.9,34.9,28.4,41.0,34.0,35.0,30.051781162947183,-16.605208347500792
234.211,36.6,38.0,38.5,31.2,34.2,34.4,31.4,38.0,36.2,32.3,31.0,32.5,32.4,30.7,31.0,31.6,28.4,31.8,29.9,34.8,28.1,41.0,34.0,35.0,31.166341070438932,-17.44113568038891
234.885,36.6,38.0,38.6,31.2,34.2,34.4,31.4,38.0,36.2,32.3,31.0,32.5,32.4,30.8,31.0,31.6,28.3,31.8,29.9,34.8,27.8,41.0,34.0,35.0,34.43507775041615,-16.868128634843373
235.559,36.6,38.0,38.6,31.2,34.2,34.4,31.4,38.0,36.2,32.3,31.0,32.5,32.4,30.8,30.9,31.6,28.4,31.8,29.9,34.8,27.6,41.0,34.0,35.0,34.06963670309692,-16.20230661892832
236.232,36.6,38.0,38.6,31.2,34.3,34.5,31.5,38.0,36.2,32.3,31.0,32.5,32.4,30.7,30.9,31.5,28.4,31.9,30.1,34.9,27.6,41.0,34.0,35.0,29.819096055318916,-16.56547277654534
236.906,36.6,38.0,38.6,31.2,34.3,34.5,31.5,38.0,36.2,32.3,31.1,32.5,32.4,30.8,30.9,31.6,28.4,31.9,30.1,34.9,27.8,41.0,34.0,35.0,30.863538747885883,-15.855189583216793
237.581,36.6,38.1,38.6,31.3,34.3,34.5,31.5,38.0,36.2,32.3,31.1,32.6,32.5,30.7,31.0,31.6,28.3,31.9,30.0,34.9,28.0,41.0,34.0,35.0,31.792179780844442,-17.616932538911918
238.255,36.7,38.1,38.6,31.3,34.3,34.5,31.5,38.0,36.3,32.4,31.1,32.6,32.5,30.8,31.0,31.6,28.4,31.9,30.1,34.9,28.1,41.0,34.0,35.0,28.595666535925226,-17.67930057168543
238.929,36.7,38.1,38.6,31.3,34.3,34.5,31.5,38.0,36.3,32.4,31.1,32.6,32.5,30.8,30.9,31.6,28.4,31.9,30.1,34.9,28.4,41.0,34.0,35.0,27.285288868160677,-17.49366293090779
239.603,36.7,38.1,38.6,31.3,34.3,34.5,31.5,38.0,36.3,32.4,31.2,32.6,32.5,30.8,30.9,31.6,28.4,31.9,30.1,35.0,28.7,41.0,34.0,35.0,26.46250833619009,-17.460261709277113
240.276,36.7,38.1,38.7,31.3,34.4,34.5,31.5,38.1,36.3,32.5,31.1,32.6,32.5,30.9,30.9,31.6,28.4,31.8,30.0,34.8,28.9,41.0,34.0,35.0,31.467002737240207,-15.299376418030322
240.95,36.7,38.2,38.7,31.3,34.4,34.5,31.6,38.1,36.3,32.5,31.1,32.6,32.5,30.9,31.0,31.5,28.4,31.9,29.9,35.0,29.3,41.0,34.0,35.0,32.04527807797344,-15.586143898933253
241.623,36.7,38.2,38.7,31.3,34.4,34.5,31.6,38.1,36.3,32.5,31.1,32.6,32.6,30.9,31.0,31.6,28.4,31.9,30.1,35.0,29.6,41.0,34.0,35.0,26.37339703821369,-17.077106224232438
242.297,36.8,38.2,38.7,31.4,34.4,34.5,31.6,38.1,36.3,32.5,31.2,32.6,32.6,30.9,31.1,31.6,28.3,32.0,30.1,35.1,30.0,41.0,34.0,35.0,26.938262401991157,-18.19398342225589
242.97,36.8,38.2,38.7,31.4,34.4,34.5,31.6,38.1,36.3,32.5,31.2,32.7,32.6,30.9,31.1,31.7,28.4,32.0,30.2,35.1,30.0,41.0,34.0,35.0,24.643386406514068,-18.71095810636816
243.646,36.8,38.3,38.7,31.4,34.4,34.6,31.6,38.2,36.4,32.5,31.2,32.7,32.6,30.9,31.1,31.6,28.4,32.0,30.1,35.1,30.0,41.0,34.0,35.0,23.818539681256627,-19.127080852710364
244.319,36.8,38.3,38.8,31.4,34.4,34.6,31.6,38.2,36.4,32.5,31.2,32.7,32.6,30.9,31.2,31.7,28.4,32.0,30.1,35.1,29.7,41.0,34.0,35.0,27.868073132026733,-19.409553504887867
244.994,36.8,38.3,38.8,31.4,34.5,34.6,31.6,38.2,36.4,32.5,31.2,32.7,32.6,30.9,31.1,31.6,28.4,32.0,30.2,35.1,29.5,41.0,34.0,35.0,26.554609585334855,-18.225666672579003
245.669,36.8,38.3,38.8,31.4,34.5,34.6,31.6,38.2,36.4,32.5,31.2,32.7,32.6,31.0,31.0,31.7,28.4,32.0,30.1,35.1,29.3,41.0,34.0,35.0,31.031322554138324,-16.21151163663241
246.343,36.8,38.3,38.8,31.4,34.5,34.6,31.6,38.2,36.4,32.5,31.2,32.7,32.6,30.9,31.1,31.7,28.4,31.9,30.1,35.0,29.0,41.0,34.0,35.0,31.40236890330091,-16.58839585784937
247.017,36.8,38.3,38.8,31.4,34.5,34.6,31.6,38.2,36.4,32.5,31.2,32.7,32.6,31.0,31.2,31.7,28.5,31.9,30.1,35.1,28.6,41.0,34.0,35.0,33.21534835527943,-15.753919837772324
247.691,36.9,38.3,38.8,31.5,34.5,34.6,31.7,38.2,36.4,32.6,31.2,32.7,32.7,31.0,31.2,31.7,28.4,31.9,30.1,35.0,28.0,41.0,34.0,35.0,35.016169081556626,-14.907603676661838
248.365,36.9,38.3,38.8,31.5,34.5,34.7,31.7,38.2,36.4,32.6,31.3,32.8,32.6,30.9,31.0,31.6,28.4,31.9,30.1,35.0,27.8,41.0,34.0,35.0,32.585362160174206,-14.615078316980986
249.038,36.9,38.3,38.8,31.5,34.5,34.7,31.7,38.2,36.5,32.6,31.3,32.8,32.6,30.9,31.0,31.8,28.5,31.9,30.1,34.9,27.8,41.0,34.0,35.0,34.790735071133305,-14.628919088807857
249.713,36.9,38.3,38.8,31.5,34.5,34.7,31.7,38.2,36.5,32.6,31.3,32.8,32.6,30.9,31.0,31.7,28.5,31.9,30.1,34.9,27.8,41.0,34.0,35.0,33.5053801527157,-14.815642147147885
250.386,36.9,38.3,38.8,31.5,34.5,34.7,31.7,38.2,36.5,32.6,31.3,32.8,32.6,30.8,31.0,31.7,28.5,32.0,30.1,34.8,27.4,41.0,34.0,35.0,34.31362197010421,-16.006965470067236
251.06,37.0,38.3,38.8,31.5,34.5,34.7,31.7,38.2,36.5,32.6,31.3,32.8,32.6,30.9,31.0,31.8,28.5,32.0,30.1,34.8,27.4,41.0,34.0,35.0,35.47201218476931,-15.060519460976176
251.733,37.0,38.3,38.8,31.5,34.5,34.7,31.7,38.3,36.5,32.6,31.3,32.8,32.7,30.9,31.0,31.7,28.5,31.9,30.1,34.8,27.3,41.0,34.0,35.0,32.41861477454924,-14.780494651983412
252.406,37.0,38.3,38.9,31.5,34.5,34.7,31.7,38.2,36.5,32.6,31.3,32.8,32.6,31.0,31.0,31.7,28.5,32.0,30.1,34.9,27.6,41.0,34.0,35.0,35.69531134755752,-14.84347247685954
253.08,37.0,38.4,38.9,31.5,34.5,34.7,31.8,38.3,36.6,32.6,31.4,32.8,32.7,30.9,31.0,31.8,28.5,32.0,30.2,34.9,27.8,41.0,34.0,35.0,31.074650385285707,-16.11491992332411
253.754,37.0,38.4,38.9,31.6,34.6,34.7,31.8,38.3,36.6,32.7,31.4,32.8,32.7,31.0,31.0,31.8,28.6,32.0,30.1,34.9,28.0,41.0,34.0,35.0,36.498795113374165,-13.79228135545178
254.427,37.0,38.4,38.9,31.6,34.6,34.8,31.8,38.3,36.6,32.7,31.4,32.8,32.7,30.9,31.0,31.8,28.6,32.0,30.1,34.9,28.2,41.0,34.0,35.0,34.840913951124186,-14.726808309057278
255.1,37.0,38.4,38.9,31.6,34.6,34.8,31.8,38.3,36.6,32.7,31.4,32.8,32.7,30.9,31.0,31.8,28.6,32.1,30.2,35.0,28.5,41.0,34.0,35.0,31.945129373602764,-15.967252082288988
255.774,37.0,38.4,38.9,31.6,34.6,34.8,31.8,38.3,36.6,32.7,31.4,32.9,32.8,31.0,31.0,31.8,28.6,32.0,30.2,35.0,28.7,41.0,34.0,35.0,29.970692165713693,-15.354778611903173
256.449,37.0,38.5,39.0,31.6,34.6,34.8,31.8,38.3,36.6,32.7,31.4,32.9,32.8,31.0,31.0,31.8,28.6,32.1,30.2,35.0,29.0,41.0,34.0,35.0,29.790098035438337,-17.078605248846266
257.123,37.1,38.5,39.0,31.6,34.6,34.8,31.8,38.3,36.6,32.8,31.4,32.9,32.8,31.0,31.2,31.7,28.6,32.0,30.1,35.0,29.3,41.0,34.0,35.0,30.172003358972674,-17.102980465815136
257.796,37.0,38.5,39.0,31.6,34.7,34.8,31.8,38.3,36.6,32.8,31.5,32.9,32.8,31.1,31.2,31.8,28.5,32.1,30.2,35.1,29.5,41.0,34.0,35.0,32.72589084989408,-16.217224096825298
258.469,37.1,38.5,39.0,31.6,34.7,34.8,31.9,38.4,36.7,32.8,31.4,32.9,32.8,31.0,31.2,31.7,28.6,32.1,30.2,35.1,29.6,41.0,34.0,35.0,29.57806113682264,-16.389915955215095
259.143,37.1,38.5,39.0,31.6,34.7,34.8,31.9,38.4,36.6,32.8,31.5,32.9,32.9,31.1,31.2,31.9,28.5,32.1,30.2,35.1,29.6,41.0,34.0,35.0,31.710863084703796,-15.465803055255202
259.817,37.1,38.5,39.0,31.6,34.7,34.8,31.9,38.4,36.7,32.8,31.5,32.9,32.9,31.1,31.2,31.9,28.6,32.1,30.2,35.1,29.6,41.0,34.0,35.0,31.507919880606416,-15.624337621673286
260.491,37.1,38.5,39.0,31.6,34.7,34.8,31.9,38.4,36.7,32.8,31.5,32.9,32.9,31.1,31.3,32.0,28.6,32.1,30.2,35.1,29.6,41.0,34.0,35.0,33.294270675048345,-15.867888118932273
261.165,37.1,38.6,39.0,31.7,34.7,34.8,31.9,38.4,36.7,32.8,31.5,32.9,32.9,31.2,31.3,32.0,28.5,32.1,30.2,35.2,29.4,41.0,34.0,35.0,35.11624050647133,-15.32784590035668
261.84,37.2,38.6,39.1,31.7,34.7,34.8,31.9,38.4,36.7,32.8,31.5,33.0,32.9,31.1,31.3,32.0,28.6,32.1,30.2,35.1,29.1,41.0,34.0,35.0,35.00631587933388,-16.30371181364746
262.513,37.2,38.6,39.1,31.7,34.8,34.9,31.9,38.4,36.7,32.9,31.5,33.0,32.9,31.1,31.2,32.0,28.6,32.1,30.3,35.1,29.0,41.0,34.0,35.0,34.10368533634326,-15.149714781546779
263.186,37.2,38.6,39.1,31.7,34.8,34.9,31.9,38.5,36.7,32.9,31.6,33.0,32.9,31.0,31.3,32.1,28.6,32.1,30.3,35.1,28.5,41.0,34.0,35.0,35.96232633251487,-15.506069168881618
263.861,37.2,38.6,39.1,31.7,34.8,34.9,31.9,38.4,36.7,32.9,31.5,33.0,32.9,31.0,31.3,32.0,28.6,32.0,30.2,35.1,28.4,41.0,34.0,35.0,38.12476330093982,-14.456524378465021
264.534,37.2,38.6,39.1,31.7,34.8,34.9,31.9,38.5,36.8,32.9,31.6,33.0,32.9,31.0,31.2,31.8,28.6,32.1,30.2,35.0,28.2,41.0,34.0,35.0,35.131526435943016,-15.254414339940732
265.209,37.2,38.6,39.1,31.7,34.8,34.9,32.0,38.5,36.8,32.9,31.6,33.0,32.9,31.1,31.2,31.9,28.5,32.1,30.2,35.0,27.9,41.0,34.0,35.0,38.64390729665084,-13.35838587603901
265.882,37.2,38.6,39.1,31.7,34.8,34.9,32.0,38.5,36.8,32.9,31.6,33.0,32.9,31.1,31.1,31.8,28.6,32.1,30.2,35.1,28.1,41.0,34.0,35.0,36.01276625067029,-13.000239933786427
266.557,37.2,38.6,39.1,31.7,34.8,34.9,32.0,38.5,36.8,32.9,31.6,33.0,32.9,31.1,31.3,31.7,28.6,32.1,30.2,35.2,28.4,41.0,34.0,35.0,34.97653585835975,-14.102578608644146
267.231,37.3,38.6,39.1,31.7,34.8,34.9,32.0,38.5,36.8,32.9,31.6,33.0,32.9,31.0,31.3,31.8,28.6,32.1,30.2,35.1,28.4,41.0,34.0,35.0,34.98125914732296,-14.675285324708016
267.905,37.3,38.7,39.1,31.8,34.8,34.9,32.0,38.5,36.8,32.9,31.6,33.0,33.0,31.1,31.2,31.8,28.7,32.1,30.2,35.2,28.6,41.0,34.0,35.0,33.13668478080744,-14.306132922325917
268.577,37.3,38.7,39.2,31.8,34.8,34.9,32.0,38.5,36.8,32.9,31.6,33.0,33.0,31.1,31.2,31.8,28.7,32.1,30.2,35.1,28.8,41.0,34.0,35.0,33.76140930256492,-15.028570538660512
269.251,37.3,38.7,39.2,31.8,34.8,34.9,32.0,38.5,36.8,33.0,31.6,33.1,33.0,31.1,31.3,32.0,28.6,32.1,30.2,35.1,29.1,41.0,34.0,35.0,35.947800290875556,-15.59077492874009
269.925,37.3,38.7,39.2,31.8,34.9,34.9,32.1,38.6,36.9,33.0,31.6,33.1,33.0,31.1,31.4,31.9,28.6,32.1,30.3,35.3,29.3,41.0,34.0,36.0,34.88207982024285,-14.191733535262175
270.6,37.3,38.7,39.2,31.8,34.9,35.0,32.1,38.6,36.9,33.0,31.6,33.1,33.0,31.1,31.4,31.9,28.7,32.1,30.2,35.3,29.6,41.0,34.0,36.0,35.4490633719699,-13.995310751358305
271.273,37.3,38.7,39.2,31.8,34.9,35.0,32.1,38.6,36.9,33.0,31.6,33.1,33.0,31.1,31.3,31.9,28.6,32.1,30.3,35.2,29.7,41.0,34.0,36.0,32.474526024957214,-14.45829626898003
271.948,37.4,38.8,39.2,31.8,34.9,35.0,32.1,38.6,36.9,33.0,31.7,33.1,33.1,31.2,31.3,32.0,28.7,32.1,30.3,35.2,29.8,41.0,34.0,36.0,30.610408227609426,-14.326117320851937
272.622,37.3,38.8,39.2,31.8,34.9,35.0,32.1,38.6,36.9,33.1,31.7,33.2,33.1,31.2,31.4,32.2,28.7,32.2,30.3,35.3,29.8,41.0,34.0,36.0,34.31078100684582,-15.12403577393306
273.295,37.4,38.8,39.3,31.9,34.9,35.0,32.1,38.6,36.9,33.1,31.7,33.2,33.1,31.2,31.5,32.1,28.6,32.2,30.3,35.3,29.6,42.0,34.0,36.0,34.68465120727796,-16.288691828332148
273.97,37.4,38.8,39.3,31.9,34.9,35.0,32.1,38.6,36.9,33.1,31.7,33.2,33.1,31.2,31.4,32.2,28.7,32.2,30.3,35.3,29.4,42.0,34.0,36.0,35.625791148792246,-15.428291178481304
274.643,37.4,38.8,39.3,31.9,34.9,35.0,32.1,38.6,36.9,33.1,31.7,33.2,33.1,31.1,31.4,32.1,28.7,32.2,30.3,35.3,28.9,42.0,34.0,36.0,35.32075414291167,-15.805491971386
275.319,37.4,38.8,39.3,31.9,34.9,35.0,32.1,38.7,37.0,33.1,31.7,33.2,33.1,31.2,31.3,32.1,28.8,32.2,30.3,35.3,28.7,42.0,34.0,36.0,34.98336212356359,-14.673550959795046
275.993,37.4,38.8,39.3,31.9,34.9,35.0,32.2,38.7,37.0,33.1,31.8,33.2,33.1,31.2,31.4,32.1,28.7,32.2,30.3,35.4,28.6,42.0,34.0,36.0,36.62036616346694,-13.94046263141693
276.666,37.4,38.8,39.3,31.9,35.0,35.1,32.2,38.7,37.0,33.1,31.8,33.2,33.1,31.2,31.5,32.0,28.8,32.1,30.2,35.1,28.2,42.0,34.0,36.0,39.859253024237404,-12.52174961123003
277.341,37.4,38.8,39.3,31.9,35.0,35.1,32.2,38.6,37.0,33.1,31.8,33.2,33.1,31.2,31.4,32.0,28.7,32.1,30.3,35.1,27.8,42.0,34.0,36.0,39.27663513100982,-12.321753121965573
278.016,37.4,38.8,39.3,31.9,35.0,35.1,32.2,38.7,37.0,33.1,31.8,33.2,33.1,31.1,31.3,32.0,28.8,32.1,30.3,35.3,27.9,42.0,34.0,36.0,37.24110152679853,-12.044191448595038
278.689,37.4,38.8,39.3,31.9,35.0,35.1,32.2,38.6,37.0,33.1,31.8,33.2,33.1,31.2,31.2,32.1,28.8,32.2,30.3,35.0,27.5,42.0,34.0,36.0,40.16893358157138,-11.837508431556097
279.363,37.5,38.8,39.3,31.9,35.0,35.1,32.2,38.6,37.0,33.1,31.8,33.2,33.1,31.2,31.3,32.1,28.9,32.2,30.3,35.2,27.5,42.0,34.0,36.0,39.90455611604634,-11.646807303520797
280.037,37.4,38.8,39.3,31.9,35.0,35.1,32.2,38.7,37.0,33.1,31.8,33.2,33.1,31.1,31.3,32.1,28.8,32.1,30.2,35.2,27.6,42.0,34.0,36.0,41.83047454667679,-11.252753985729706
280.71,37.5,38.8,39.3,32.0,35.0,35.1,32.2,38.7,37.0,33.1,31.8,33.2,33.1,31.1,31.3,32.0,28.9,32.2,30.3,35.2,27.8,42.0,34.0,36.0,37.61208000437138,-12.716325890790978
281.383,37.5,38.8,39.4,32.0,35.0,35.1,32.2,38.7,37.0,33.1,31.9,33.2,33.1,31.1,31.3,32.1,28.9,32.2,30.4,35.0,27.8,42.0,34.0,36.0,37.19356305128675,-13.810234785145939
282.058,37.5,38.9,39.4,32.0,35.0,35.1,32.2,38.7,37.0,33.2,31.8,33.2,33.1,31.2,31.3,32.1,28.9,32.2,30.4,35.2,28.0,42.0,34.0,36.0,36.688864341789426,-13.394640427122726
282.731,37.5,38.9,39.4,32.0,35.0,35.1,32.2,38.7,37.0,33.2,31.9,33.2,33.1,31.2,31.3,32.2,28.9,32.3,30.4,35.1,28.2,42.0,34.0,36.0,37.35651490645276,-14.241038941946508
283.405,37.5,38.9,39.4,32.0,35.1,35.2,32.3,38.7,37.0,33.2,31.9,33.3,33.2,31.2,31.4,32.1,28.9,32.2,30.3,35.3,28.5,42.0,34.0,36.0,38.83401956537033,-11.966568248075896
284.078,37.5,38.9,39.4,32.0,35.1,35.2,32.3,38.7,37.1,33.2,31.9,33.3,33.2,31.2,31.3,32.1,28.9,32.2,30.4,35.3,28.8,42.0,34.0,36.0,35.25819206999199,-12.530255080597621
284.753,37.6,38.9,39.4,32.0,35.1,35.2,32.3,38.8,37.1,33.2,31.9,33.3,33.2,31.3,31.4,32.2,28.9,32.3,30.4,35.2,28.9,42.0,34.0,36.0,35.949714203536736,-13.010059429425938
285.427,37.5,38.9,39.4,32.0,35.1,35.2,32.3,38.8,37.1,33.2,31.9,33.3,33.2,31.3,31.3,32.2,28.9,32.3,30.4,35.3,29.2,42.0,34.0,36.0,35.48786847670668,-12.686677782023041
286.1,37.5,39.0,39.4,32.0,35.1,35.2,32.3,38.8,37.1,33.2,31.9,33.3,33.2,31.4,31.5,32.2,28.9,32.4,30.4,35.3,29.4,42.0,34.0,36.0,35.59960166374074,-14.26862870767341
286.773,37.6,39.0,39.4,32.0,35.1,35.2,32.3,38.8,37.1,33.3,31.9,33.3,33.3,31.3,31.5,32.1,28.9,32.3,30.4,35.3,29.6,42.0,34.0,36.0,31.305263936974274,-14.82463277332329
287.447,37.6,39.0,39.5,32.1,35.1,35.2,32.3,38.8,37.1,33.3,31.9,33.3,33.2,31.4,31.5,32.2,28.9,32.4,30.4,35.4,29.6,42.0,34.0,36.0,37.08058347485851,-14.409985452667835
288.122,37.6,39.0,39.5,32.1,35.1,35.2,32.3,38.8,37.1,33.3,31.9,33.3,33.3,31.3,31.4,32.2,28.9,32.4,30.4,35.4,29.5,42.0,34.0,36.0,35.43541810324735,-14.830039429968254
288.796,37.6,39.0,39.5,32.1,35.1,35.2,32.4,38.8,37.1,33.3,31.9,33.4,33.3,31.3,31.4,32.3,28.9,32.4,30.4,35.3,29.3,42.0,34.0,36.0,36.90624681894699,-14.074888038087972
289.47,37.6,39.0,39.5,32.1,35.1,35.3,32.4,38.8,37.2,33.3,32.0,33.4,33.3,31.3,31.5,32.3,28.9,32.3,30.4,35.4,29.3,42.0,34.0,36.0,36.77573383971455,-13.87027900052585
290.144,37.6,39.0,39.5,32.1,35.1,35.3,32.4,38.8,37.2,33.3,31.9,33.4,33.3,31.3,31.5,32.2,28.9,32.4,30.4,35.3,29.1,42.0,34.0,36.0,36.34577222316738,-14.846843498940624
290.817,37.6,39.0,39.5,32.1,35.2,35.3,32.4,38.8,37.1,33.3,31.9,33.4,33.3,31.4,31.5,32.2,28.9,32.4,30.4,35.4,29.0,42.0,34.0,36.0,39.45109345501504,-12.372640731400752
291.49,37.6,39.0,39.5,32.1,35.2,35.3,32.4,38.8,37.2,33.3,32.0,33.4,33.3,31.3,31.4,32.2,28.8,32.4,30.4,35.4,28.9,42.0,34.0,36.0,39.450001937189214,-12.650486426374778
292.164,37.7,39.0,39.5,32.1,35.2,35.3,32.4,38.9,37.2,33.3,32.0,33.4,33.3,31.3,31.5,32.3,28.9,32.2,30.4,35.3,28.6,42.0,34.0,36.0,39.41365829288771,-11.352223332619213
292.837,37.7,39.0,39.5,32.1,35.2,35.3,32.4,38.9,37.2,33.3,32.0,33.4,33.3,31.3,31.5,32.2,29.0,32.4,30.4,35.1,28.4,42.0,34.0,36.0,38.395667995311314,-13.165545856468876
293.511,37.7,39.0,39.5,32.1,35.2,35.3,32.4,38.9,37.2,33.3,32.0,33.4,33.3,31.5,31.6,32.2,28.9,32.2,30.4,35.2,27.9,42.0,34.0,36.0,41.388979057448566,-10.321121050965944
294.185,37.7,39.0,39.5,32.1,35.2,35.3,32.4,38.9,37.2,33.3,32.0,33.4,33.3,31.4,31.4,32.2,28.9,32.3,30.4,35.1,27.8,42.0,34.0,36.0,40.40707340146401,-10.888677601912855
294.859,37.7,39.0,39.5,32.2,35.2,35.3,32.5,38.9,37.2,33.3,32.0,33.4,33.3,31.4,31.5,32.2,28.9,32.4,30.4,35.1,27.8,42.0,34.0,36.0,42.56810303432083,-11.193762255863122
295.533,37.7,39.0,39.6,32.2,35.2,35.3,32.5,38.8,37.3,33.4,32.0,33.4,33.3,31.4,31.5,32.2,29.0,32.3,30.4,35.1,27.9,42.0,34.0,36.0,43.9122552422219,-11.111060872327963
296.207,37.7,39.0,39.6,32.2,35.2,35.3,32.5,38.9,37.3,33.4,32.1,33.4,33.3,31.3,31.4,32.2,29.0,32.3,30.4,35.1,28.0,42.0,34.0,36.0,41.80129617027366,-11.306360039191071
296.88,37.7,39.1,39.6,32.2,35.2,35.3,32.5,38.8,37.3,33.4,32.0,33.4,33.3,31.3,31.4,32.1,29.0,32.4,30.4,35.1,28.1,42.0,34.0,36.0,40.413773048507664,-12.816621056582756
297.553,37.7,39.1,39.6,32.2,35.2,35.4,32.5,38.9,37.3,33.4,32.1,33.5,33.3,31.3,31.4,32.1,29.0,32.4,30.5,35.2,28.3,42.0,34.0,36.0,35.414386336079616,-13.544334340520608
298.226,37.7,39.1,39.6,32.2,35.2,35.4,32.5,38.9,37.3,33.4,32.1,33.5,33.4,31.3,31.4,32.2,29.0,32.4,30.4,35.2,28.4,42.0,34.0,36.0,37.97808165690225,-13.207526218666645
298.9,37.8,39.1,39.6,32.2,35.3,35.4,32.5,38.9,37.3,33.4,32.1,33.5,33.4,31.4,31.5,32.3,29.0,32.5,30.4,35.3,28.6,42.0,34.0,36.0,41.92018234196493,-12.020677726909087
299.573,37.8,39.1,39.6,32.2,35.3,35.4,32.5,39.0,37.3,33.5,32.1,33.5,33.4,31.4,31.5,32.2,29.0,32.4,30.4,35.3,28.9,42.0,34.0,36.0,38.745080352533975,-11.781141210749576
300.248,37.8,39.1,39.6,32.2,35.3,35.4,32.5,39.0,37.3,33.5,32.1,33.5,33.4,31.4,31.6,32.3,29.0,32.5,30.5,35.3,29.1,42.0,34.0,36.0,37.70076210149024,-13.42799167265242
300.922,37.8,39.1,39.6,32.2,35.3,35.4,32.5,38.9,37.3,33.5,32.1,33.5,33.4,31.4,31.7,32.2,29.0,32.5,30.5,35.3,29.3,42.0,34.0,36.0,37.0243450286503,-14.267816631379299
301.595,37.8,39.1,39.7,32.2,35.3,35.2,32.5,39.0,37.1,33.5,32.1,33.5,33.5,31.6,31.7,32.0,29.1,32.5,30.5,35.1,29.3,42.0,34.0,36.0,34.76934982893893,-13.782798543743406
302.269,37.8,39.0,39.7,32.2,35.3,35.1,32.5,38.9,36.9,33.5,32.1,33.5,33.4,31.5,31.7,32.0,29.0,32.5,30.5,35.1,29.5,42.0,35.0,36.0,37.68077317532665,-12.35240040899106
302.943,37.8,39.0,39.7,32.2,35.2,35.0,32.5,38.9,36.7,33.4,32.1,33.5,33.4,31.6,31.6,31.9,29.0,32.5,30.5,35.0,29.4,42.0,34.0,36.0,33.52313300113761,-13.339473262482636
303.616,37.8,39.0,39.7,32.2,35.2,34.9,32.5,38.9,36.5,33.4,32.1,33.5,33.4,31.6,31.7,32.0,29.0,32.5,30.5,35.0,29.4,41.0,34.0,36.0,37.04960543676329,-12.593925151449044
304.291,37.8,39.0,39.7,32.2,35.2,34.8,32.5,38.8,36.4,33.4,32.0,33.5,33.5,31.6,31.6,31.8,29.0,32.5,30.5,35.0,29.2,41.0,34.0,36.0,34.80165011604055,-12.42816551258308
304.965,37.8,39.0,39.7,32.2,35.2,34.7,32.5,38.8,36.1,33.4,32.1,33.5,33.4,31.5,31.7,31.9,29.0,32.5,30.5,34.9,29.0,41.0,34.0,36.0,37.104400964017955,-12.274437884449755
305.638,37.8,39.0,39.7,32.2,35.2,34.6,32.5,38.8,36.0,33.3,32.1,33.5,33.4,31.6,31.6,31.8,29.1,32.4,30.5,34.9,28.9,41.0,34.0,36.0,35.63231119538474,-10.245638767549247
306.311,37.8,39.0,39.7,32.2,35.2,34.5,32.5,38.7,35.9,33.3,32.0,33.5,33.4,31.5,31.6,31.8,29.0,32.4,30.5,34.7,28.5,41.0,34.0,36.0,37.688138434375304,-10.791584020865779
306.985,37.8,38.9,39.7,32.2,35.1,34.5,32.5,38.7,35.7,33.3,32.1,33.5,33.4,31.6,31.6,31.8,29.0,32.4,30.5,34.7,28.0,41.0,34.0,36.0,37.51305249367853,-10.064884426501502
307.658,37.8,38.9,39.7,32.3,35.1,34.4,32.5,38.6,35.6,33.2,32.0,33.5,33.4,31.6,31.7,31.7,29.0,32.5,30.5,34.6,27.6,41.0,34.0,36.0,40.22619588721395,-11.015804438965114
308.331,37.8,38.9,39.7,32.2,35.1,34.3,32.5,38.6,35.5,33.2,32.0,33.5,33.3,31.6,31.6,31.6,29.2,32.4,30.5,34.5,27.7,41.0,34.0,36.0,36.97382024057443,-9.683769010111392
309.005,37.8,38.9,39.7,32.2,35.1,34.2,32.5,38.5,35.4,33.2,32.1,33.5,33.3,31.6,31.5,31.6,29.1,32.4,30.5,34.5,27.8,41.0,34.0,36.0,37.64857863791409,-9.005871453525154
309.679,37.8,38.9,39.6,32.2,35.1,34.1,32.5,38.5,35.2,33.2,32.0,33.4,33.3,31.4,31.6,31.7,29.1,32.4,30.5,34.3,27.4,41.0,34.0,36.0,38.63833456175627,-9.66922688740936
310.352,37.8,38.8,39.6,32.2,35.0,34.1,32.5,38.4,35.1,33.2,32.1,33.4,33.4,31.6,31.6,31.6,29.1,32.4,30.5,34.3,27.4,41.0,34.0,36.0,36.17011666897159,-9.500539788076589
311.025,37.7,38.8,39.6,32.2,35.0,34.0,32.5,38.4,35.0,33.2,32.0,33.4,33.4,31.6,31.5,31.7,29.2,32.4,30.5,34.3,27.6,41.0,34.0,36.0,37.10372069635129,-8.827791552744765
311.7,37.6,38.8,39.7,32.3,35.0,34.0,32.5,38.4,34.9,33.2,32.1,33.4,33.4,31.7,31.5,31.8,29.0,32.5,30.5,34.3,27.8,41.0,34.0,35.0,42.0661853851274,-9.412114472497175
312.375,37.6,38.8,39.7,32.3,35.0,33.9,32.5,38.3,34.8,33.2,32.1,33.5,33.4,31.7,31.5,31.7,29.1,32.5,30.6,34.5,28.0,41.0,34.0,35.0,38.05493246946075,-9.710616857402025
313.049,37.5,38.8,39.7,32.3,35.0,33.9,32.4,38.3,34.8,33.2,32.0,33.5,33.4,31.7,31.6,31.7,29.2,32.5,30.6,34.4,28.2,41.0,34.0,35.0,37.73034344818517,-11.516006324201266
313.723,37.5,38.8,39.7,32.3,35.0,33.8,32.5,38.3,34.7,33.2,32.0,33.4,33.4,31.8,31.6,31.7,29.1,32.5,30.7,34.5,28.5,41.0,34.0,35.0,36.74214217886029,-10.12724972139718
314.397,37.5,38.7,39.7,32.3,34.9,33.7,32.4,38.2,34.6,33.2,32.0,33.5,33.4,31.7,31.6,31.7,29.2,32.6,30.6,34.5,28.7,41.0,34.0,35.0,36.85278593692901,-12.568319442351333
315.07,37.5,38.7,39.7,32.3,34.9,33.7,32.4,38.2,34.5,33.2,32.0,33.4,33.4,31.9,31.6,31.8,29.1,32.5,30.5,34.6,28.9,41.0,34.0,35.0,41.786512630617956,-9.43165647356164
315.744,37.5,38.7,39.7,32.3,34.9,33.6,32.4,38.2,34.5,33.2,32.0,33.4,33.4,31.9,31.5,31.6,29.1,32.5,30.7,34.5,29.1,40.0,34.0,35.0,35.15856797310683,-10.299715434104117
316.418,37.5,38.7,39.7,32.3,34.9,33.6,32.4,38.2,34.4,33.2,32.0,33.5,33.4,31.8,31.6,31.6,29.0,32.5,30.7,34.5,29.2,40.0,34.0,35.0,34.53560829422453,-11.501179695453958
317.093,37.5,38.7,39.7,32.3,34.9,33.5,32.4,38.2,34.3,33.2,32.0,33.4,33.4,31.8,31.6,31.7,29.0,32.6,30.7,34.6,29.4,40.0,34.0,35.0,36.68688432819117,-11.379146182165202
317.766,37.5,38.7,39.7,32.3,34.9,33.5,32.4,38.1,34.3,33.2,32.0,33.5,33.4,31.7,31.6,31.6,29.1,32.6,30.7,34.6,29.5,40.0,34.0,35.0,34.296964177636966,-12.490706731393844
318.439,37.5,38.7,39.6,32.3,34.9,33.4,32.4,38.1,34.2,33.1,32.0,33.5,33.4,31.8,31.6,31.7,29.1,32.6,30.8,34.7,29.4,40.0,34.0,35.0,32.9721887489172,-11.225065120227606
319.112,37.5,38.6,39.6,32.3,34.8,33.4,32.4,38.2,34.1,33.1,32.0,33.5,33.4,31.9,31.6,31.6,29.1,32.6,30.7,34.5,29.3,40.0,34.0,35.0,32.197682552024276,-11.210209409731158
319.788,37.5,38.6,39.6,32.3,34.8,33.3,32.4,38.1,34.1,33.1,32.0,33.5,33.4,31.8,31.6,31.6,29.2,32.5,30.7,34.4,29.1,40.0,34.0,35.0,32.664171090750145,-11.099380070884935
320.461,37.5,38.5,39.6,32.3,34.8,33.3,32.4,38.1,34.0,33.1,32.0,33.5,33.3,31.8,31.6,31.6,29.2,32.5,30.6,34.2,29.0,40.0,34.0,35.0,36.87806329016907,-9.934263419796453
321.137,37.4,38.5,39.6,32.3,34.8,33.2,32.4,38.0,34.0,33.1,32.0,33.5,33.3,31.8,31.6,31.6,29.1,32.5,30.7,34.1,28.6,40.0,34.0,35.0,37.81576340933562,-10.405095785779809
321.81,37.4,38.5,39.5,32.3,34.8,33.2,32.4,38.0,34.0,33.0,32.0,33.5,33.3,31.9,31.6,31.6,29.2,32.5,30.6,34.1,28.4,40.0,34.0,35.0,39.52635520293262,-8.68231949068509
322.485,37.4,38.5,39.4,32.3,34.8,33.2,32.4,37.9,33.9,33.0,31.9,33.4,33.3,31.9,31.6,31.6,29.2,32.5,30.6,34.0,27.8,40.0,34.0,35.0,40.88199909427851,-7.750608428003092
323.16,37.4,38.5,39.4,32.3,34.8,33.1,32.4,38.0,33.8,33.0,32.0,33.4,33.3,31.9,31.6,31.5,29.1,32.5,30.7,34.0,27.8,40.0,34.0,35.0,36.98409793284931,-8.116748917677223
